date(d/m/y),time(h:m:s),latitude(DDMM.MMMM),longitude(DDDMM.MMMM),temperature,pressure(hPa),humidity(%)
15/9/2020,18:14:10,5113.3589N,00427.8306,28.32,1017.13,46.05
15/9/2020,18:14:20,5113.3525N,00427.8256,28.34,1017.09,46.08
15/9/2020,18:14:30,5113.3345N,00427.8203,28.34,1017.06,46.14
15/9/2020,18:14:40,5113.3120N,00427.8216,28.32,1017.04,46.01
15/9/2020,18:14:50,5113.2925N,00427.8199,28.28,1017.06,46.09
15/9/2020,18:15:0,5113.2661N,00427.8193,28.22,1017.06,46.13
15/9/2020,18:15:10,5113.2476N,00427.8076,28.11,1017.04,46.70
15/9/2020,18:15:20,5113.2261N,00427.8067,28.01,1017.03,46.23
15/9/2020,18:15:30,5113.2012N,00427.8114,27.95,1017.05,46.93
15/9/2020,18:15:40,5113.2070N,00427.8163,27.87,1017.03,47.31
15/9/2020,18:15:50,5113.2104N,00427.8533,27.73,1017.04,48.65
15/9/2020,18:16:0,5113.2080N,00427.8908,27.58,1017.06,49.65
15/9/2020,18:16:10,5113.2070N,00427.9292,27.42,1017.08,49.47
15/9/2020,18:16:20,5113.1968N,00427.9755,27.14,1017.09,51.57
15/9/2020,18:16:30,5113.1938N,00428.0139,26.79,1017.13,51.57
15/9/2020,18:16:40,5113.1777N,00428.0178,26.56,1017.13,52.12
15/9/2020,18:16:50,5113.1533N,00428.0217,26.32,1017.16,52.13
15/9/2020,18:17:0,5113.1309N,00428.0191,26.13,1017.24,51.63
15/9/2020,18:17:10,5113.1074N,00428.0142,26.00,1017.26,51.66
15/9/2020,18:17:20,5113.0864N,00428.0108,25.90,1017.28,53.47
15/9/2020,18:17:30,5113.0669N,00428.0131,25.85,1017.35,54.54
15/9/2020,18:17:40,5113.0576N,00428.0341,25.81,1017.35,54.48
15/9/2020,18:17:50,5113.0557N,00428.0646,25.79,1017.37,55.93
15/9/2020,18:18:0,5113.0537N,00428.1074,25.78,1017.37,57.97
15/9/2020,18:18:10,5113.0371N,00428.1321,25.76,1017.37,57.49
15/9/2020,18:18:20,5113.0239N,00428.1440,25.76,1017.38,58.26
15/9/2020,18:18:30,5113.0127N,00428.1429,25.73,1017.38,56.69
15/9/2020,18:18:40,5112.9937N,00428.1355,25.73,1017.37,57.69
15/9/2020,18:18:50,5112.9707N,00428.1294,25.70,1017.33,59.96
15/9/2020,18:19:0,5112.9600N,00428.1181,25.67,1017.35,59.21
15/9/2020,18:19:10,5112.9521N,00428.1045,25.62,1017.34,57.87
15/9/2020,18:19:20,5112.9390N,00428.0918,25.56,1017.32,56.71
15/9/2020,18:19:30,5112.9263N,00428.0804,25.46,1017.32,56.43
15/9/2020,18:19:40,5112.9136N,00428.0948,25.34,1017.32,58.07
15/9/2020,18:19:50,5112.8921N,00428.1148,25.19,1017.40,58.95
15/9/2020,18:20:0,5112.8823N,00428.1448,25.01,1017.44,58.76
15/9/2020,18:20:10,5112.8706N,00428.1758,24.85,1017.45,61.17
15/9/2020,18:20:20,5112.8682N,00428.1970,24.65,1017.46,62.66
15/9/2020,18:20:30,5112.8784N,00428.2133,24.53,1017.46,62.59
15/9/2020,18:20:40,5112.8794N,00428.2365,24.41,1017.45,65.19
15/9/2020,18:20:50,5112.8730N,00428.2655,24.29,1017.47,68.36
15/9/2020,18:21:0,5112.8755N,00428.3021,24.17,1017.48,68.44
15/9/2020,18:21:10,5112.8833N,00428.3302,24.03,1017.49,66.99
15/9/2020,18:21:20,5112.8848N,00428.3599,23.91,1017.48,65.14
15/9/2020,18:21:30,5112.8726N,00428.3788,23.83,1017.46,64.70
15/9/2020,18:21:40,5112.8555N,00428.3931,23.77,1017.48,65.76
15/9/2020,18:21:50,5112.8501N,00428.3812,23.73,1017.47,67.46
15/9/2020,18:22:0,5112.8408N,00428.3796,23.67,1017.49,68.59
15/9/2020,18:22:10,5112.8413N,00428.3607,23.65,1017.51,68.59
15/9/2020,18:22:20,5112.8345N,00428.3323,23.64,1017.52,68.04
15/9/2020,18:22:30,5112.8276N,00428.3020,23.63,1017.52,67.97
15/9/2020,18:22:40,5112.8184N,00428.2780,23.61,1017.54,70.58
15/9/2020,18:22:50,5112.8223N,00428.2468,23.59,1017.55,68.83
15/9/2020,18:23:0,5112.8267N,00428.2161,23.57,1017.55,69.86
15/9/2020,18:23:10,5112.8237N,00428.1890,23.55,1017.57,65.95
15/9/2020,18:23:20,5112.8179N,00428.1571,23.53,1017.54,65.41
15/9/2020,18:23:30,5112.8130N,00428.1267,23.54,1017.55,62.97
15/9/2020,18:23:40,5112.8135N,00428.0903,23.56,1017.55,61.57
15/9/2020,18:23:50,5112.7993N,00428.0692,23.58,1017.55,61.48
15/9/2020,18:24:0,5112.7939N,00428.0424,23.63,1017.55,62.09
15/9/2020,18:24:20,5112.7671N,00428.0230,23.73,1017.59,67.58
15/9/2020,18:24:30,5112.7554N,00428.0099,23.76,1017.57,66.92
15/9/2020,18:24:40,5112.7456N,00427.9811,23.77,1017.52,64.37
15/9/2020,18:24:50,5112.7437N,00427.9551,23.75,1017.50,64.09
15/9/2020,18:25:0,5112.7417N,00427.9310,23.76,1017.57,66.56
15/9/2020,18:25:10,5112.7222N,00427.9104,23.68,1017.58,67.68
15/9/2020,18:25:20,5112.7085N,00427.8986,23.56,1017.55,67.79
15/9/2020,18:25:30,5112.7026N,00427.8732,23.51,1017.53,67.00
15/9/2020,18:25:40,5112.6943N,00427.8487,23.50,1017.54,65.60
15/9/2020,18:26:0,5112.6577N,00427.8422,23.64,1017.42,66.22
15/9/2020,18:26:10,5112.6372N,00427.8304,23.73,1017.38,64.79
15/9/2020,18:26:20,5112.6250N,00427.8257,23.97,1017.34,61.79
15/9/2020,18:26:30,5112.6069N,00427.8255,24.17,1017.25,60.94
15/9/2020,18:26:40,5112.6035N,00427.8239,24.23,1017.25,60.81
15/9/2020,18:26:50,5112.6021N,00427.8217,24.30,1017.26,60.61
15/9/2020,18:27:0,5112.5947N,00427.7924,24.47,1017.23,59.71
15/9/2020,18:27:10,5112.5962N,00427.7580,24.82,1017.22,58.41
15/9/2020,18:27:20,5112.5986N,00427.7260,25.42,1017.23,54.75
15/9/2020,18:27:30,5112.5986N,00427.6884,25.96,1017.28,53.34
15/9/2020,18:27:40,5112.5977N,00427.6522,26.42,1017.27,51.80
15/9/2020,18:27:50,5112.5908N,00427.6146,26.70,1017.32,50.81
15/9/2020,18:28:0,5112.5845N,00427.5798,26.85,1017.35,50.04
15/9/2020,18:28:10,5112.5825N,00427.5468,27.00,1017.32,49.52
15/9/2020,18:28:20,5112.5732N,00427.5163,27.16,1017.30,48.14
15/9/2020,18:28:30,5112.5659N,00427.4858,27.30,1017.30,47.80
15/9/2020,18:28:40,5112.5693N,00427.4511,27.54,1017.29,46.59
15/9/2020,18:28:50,5112.5718N,00427.4094,27.85,1017.30,45.34
15/9/2020,18:29:0,5112.5796N,00427.3714,28.11,1017.33,44.76
15/9/2020,18:29:10,5112.5894N,00427.3336,28.37,1017.34,43.84
15/9/2020,18:29:20,5112.5967N,00427.2967,28.58,1017.34,43.24
15/9/2020,18:29:30,5112.6055N,00427.2636,28.80,1017.35,42.72
15/9/2020,18:29:40,5112.6108N,00427.2271,29.04,1017.35,42.33
15/9/2020,18:29:50,5112.6240N,00427.1990,29.26,1017.34,42.01
15/9/2020,18:30:0,5112.6328N,00427.1683,29.43,1017.32,41.91
15/9/2020,18:30:10,5112.6484N,00427.1448,29.52,1017.34,41.67
15/9/2020,18:30:20,5112.6636N,00427.1206,29.63,1017.32,41.56
15/9/2020,18:30:30,5112.6729N,00427.0889,29.70,1017.32,41.41
15/9/2020,18:30:40,5112.6904N,00427.0584,29.73,1017.31,41.78
15/9/2020,18:30:50,5112.7031N,00427.0290,29.74,1017.31,42.01
15/9/2020,18:31:0,5112.7158N,00426.9956,29.74,1017.32,42.17
15/9/2020,18:31:10,5112.7285N,00426.9672,29.77,1017.33,42.19
15/9/2020,18:31:20,5112.7388N,00426.9339,29.80,1017.32,42.20
15/9/2020,18:31:30,5112.7471N,00426.9063,29.81,1017.33,42.21
15/9/2020,18:31:40,5112.7539N,00426.9010,29.79,1017.39,42.33
15/9/2020,18:31:50,5112.7549N,00426.9032,29.73,1017.38,42.34
15/9/2020,18:32:0,5112.7637N,00426.8907,29.70,1017.39,42.40
15/9/2020,18:32:10,5112.7764N,00426.8609,29.71,1017.36,42.38
15/9/2020,18:32:20,5112.7886N,00426.8292,29.71,1017.38,42.46
15/9/2020,18:32:30,5112.8047N,00426.8044,29.69,1017.43,42.68
15/9/2020,18:32:40,5112.8174N,00426.7859,29.67,1017.45,42.64
15/9/2020,18:32:50,5112.8193N,00426.7786,29.65,1017.50,42.74
15/9/2020,18:33:0,5112.8193N,00426.7781,29.60,1017.50,43.34
15/9/2020,18:33:10,5112.8193N,00426.7780,29.59,1017.48,43.16
15/9/2020,18:33:20,5112.8193N,00426.7782,29.58,1017.50,43.12
15/9/2020,18:33:30,5112.8188N,00426.7778,29.54,1017.51,43.27
15/9/2020,18:33:40,5112.8247N,00426.7611,29.54,1017.51,43.10
15/9/2020,18:33:50,5112.8315N,00426.7333,29.54,1017.54,43.09
15/9/2020,18:34:0,5112.8467N,00426.7030,29.53,1017.50,43.11
15/9/2020,18:34:10,5112.8594N,00426.6759,29.51,1017.46,43.27
15/9/2020,18:34:20,5112.8682N,00426.6551,29.49,1017.46,43.41
15/9/2020,18:34:30,5112.8740N,00426.6419,29.49,1017.49,43.52
15/9/2020,18:34:40,5112.8735N,00426.6416,29.46,1017.49,43.66
15/9/2020,18:34:50,5112.8750N,00426.6403,29.43,1017.49,43.76
15/9/2020,18:35:0,5112.8823N,00426.6225,29.43,1017.50,43.74
15/9/2020,18:35:10,5112.8726N,00426.5986,29.42,1017.52,43.82
15/9/2020,18:35:20,5112.8579N,00426.5696,29.39,1017.53,43.98
15/9/2020,18:35:30,5112.8477N,00426.5398,29.36,1017.54,44.21
15/9/2020,18:35:40,5112.8413N,00426.5061,29.28,1017.55,44.47
15/9/2020,18:35:50,5112.8306N,00426.4766,29.23,1017.57,44.66
15/9/2020,18:36:0,5112.8354N,00426.4405,29.22,1017.58,44.72
15/9/2020,18:36:10,5112.8379N,00426.3974,29.15,1017.58,44.90
15/9/2020,18:36:20,5112.8413N,00426.3539,29.09,1017.60,45.09
15/9/2020,18:36:30,5112.8491N,00426.3179,29.01,1017.59,45.35
15/9/2020,18:36:40,5112.8594N,00426.2833,28.92,1017.57,45.59
15/9/2020,18:36:50,5112.8662N,00426.2467,28.88,1017.58,45.76
15/9/2020,18:37:0,5112.8726N,00426.2083,28.84,1017.58,45.88
15/9/2020,18:37:10,5112.8804N,00426.1746,28.77,1017.56,46.19
15/9/2020,18:37:20,5112.8848N,00426.1537,28.76,1017.57,46.35
15/9/2020,18:37:30,5112.8828N,00426.1493,28.76,1017.57,46.64
15/9/2020,18:37:40,5112.8838N,00426.1311,28.82,1017.56,46.67
15/9/2020,18:37:50,5112.8950N,00426.1133,28.84,1017.56,46.36
15/9/2020,18:38:0,5112.9121N,00426.1234,28.80,1017.61,46.32
15/9/2020,18:38:10,5112.9297N,00426.1325,28.73,1017.67,46.48
15/9/2020,18:38:20,5112.9497N,00426.1475,28.68,1017.71,46.58
15/9/2020,18:38:30,5112.9668N,00426.1610,28.65,1017.75,46.62
15/9/2020,18:38:40,5112.9824N,00426.1392,28.61,1017.75,46.72
15/9/2020,18:38:50,5112.9912N,00426.1092,28.50,1017.73,47.05
15/9/2020,18:39:0,5113.0024N,00426.0867,28.46,1017.72,47.24
15/9/2020,18:39:10,5113.0127N,00426.0656,28.44,1017.73,47.39
15/9/2020,18:39:20,5113.0225N,00426.0465,28.41,1017.73,47.41
15/9/2020,18:39:30,5113.0366N,00426.0353,28.37,1017.71,47.58
15/9/2020,18:39:40,5113.0562N,00426.0271,28.35,1017.71,47.65
15/9/2020,18:39:50,5113.0757N,00426.0154,28.34,1017.73,47.71
15/9/2020,18:40:0,5113.0928N,00426.0033,28.33,1017.74,47.70
15/9/2020,18:40:10,5113.1040N,00425.9942,28.31,1017.73,47.66
15/9/2020,18:40:20,5113.1284N,00425.9791,28.31,1017.72,47.73
15/9/2020,18:40:30,5113.1299N,00425.9613,28.30,1017.68,47.79
15/9/2020,18:40:40,5113.1240N,00425.9335,28.30,1017.67,47.87
15/9/2020,18:40:50,5113.1289N,00425.8997,28.30,1017.65,47.93
15/9/2020,18:41:0,5113.1304N,00425.8623,28.27,1017.60,48.04
15/9/2020,18:41:10,5113.1187N,00425.8326,28.25,1017.63,48.16
15/9/2020,18:41:20,5113.1060N,00425.8043,28.25,1017.64,48.17
15/9/2020,18:41:30,5113.0923N,00425.7737,28.24,1017.65,48.32
15/9/2020,18:41:40,5113.0830N,00425.7479,28.22,1017.63,48.50
15/9/2020,18:41:50,5113.0947N,00425.7287,28.14,1017.61,48.60
15/9/2020,18:42:0,5113.1074N,00425.7147,28.08,1017.55,48.76
15/9/2020,18:42:10,5113.1240N,00425.6968,28.03,1017.53,48.91
15/9/2020,18:42:20,5113.1338N,00425.6795,28.01,1017.50,48.93
15/9/2020,18:42:30,5113.1519N,00425.6634,28.01,1017.51,48.94
15/9/2020,18:42:40,5113.1699N,00425.6545,27.98,1017.50,49.11
15/9/2020,18:42:50,5113.1860N,00425.6401,27.89,1017.50,49.26
15/9/2020,18:43:0,5113.1914N,00425.6113,27.86,1017.50,49.45
15/9/2020,18:43:10,5113.1792N,00425.5841,27.83,1017.47,49.60
15/9/2020,18:43:20,5113.1675N,00425.5599,27.80,1017.45,49.70
15/9/2020,18:43:30,5113.1533N,00425.5346,27.75,1017.45,49.74
15/9/2020,18:43:40,5113.1387N,00425.5068,27.74,1017.47,49.79
15/9/2020,18:43:50,5113.1255N,00425.4833,27.72,1017.49,49.74
15/9/2020,18:44:0,5113.1187N,00425.4668,27.72,1017.51,49.76
15/9/2020,18:44:10,5113.1182N,00425.4677,27.73,1017.50,49.77
15/9/2020,18:44:20,5113.1138N,00425.4637,27.73,1017.48,49.78
15/9/2020,18:44:30,5113.1104N,00425.4599,27.73,1017.50,49.73
15/9/2020,18:44:40,5113.1084N,00425.4573,27.72,1017.50,49.75
15/9/2020,18:44:50,5113.1074N,00425.4570,27.71,1017.50,49.77
15/9/2020,18:45:0,5113.1094N,00425.4439,27.72,1017.51,49.79
15/9/2020,18:45:10,5113.1187N,00425.4243,27.75,1017.48,49.71
15/9/2020,18:45:20,5113.1235N,00425.4087,27.77,1017.47,49.60
15/9/2020,18:45:30,5113.1328N,00425.3801,27.79,1017.45,49.54
15/9/2020,18:45:40,5113.1323N,00425.3412,27.82,1017.40,49.28
15/9/2020,18:45:50,5113.1387N,00425.2989,27.89,1017.40,49.14
15/9/2020,18:46:0,5113.1455N,00425.2614,27.94,1017.37,48.91
15/9/2020,18:46:10,5113.1499N,00425.2344,27.96,1017.39,48.83
15/9/2020,18:46:20,5113.1567N,00425.1991,27.98,1017.39,48.77
15/9/2020,18:46:30,5113.1621N,00425.1704,28.00,1017.41,48.73
15/9/2020,18:46:40,5113.1665N,00425.1493,28.01,1017.37,48.37
15/9/2020,18:46:50,5113.1680N,00425.1265,27.99,1017.34,48.23
15/9/2020,18:47:0,5113.1719N,00425.1185,27.98,1017.35,48.36
15/9/2020,18:47:10,5113.1875N,00425.1216,27.97,1017.36,48.61
15/9/2020,18:47:20,5113.2134N,00425.1291,27.92,1017.39,48.82
15/9/2020,18:47:30,5113.2388N,00425.1338,27.87,1017.41,49.01
15/9/2020,18:47:40,5113.2603N,00425.1413,27.82,1017.44,49.14
15/9/2020,18:47:50,5113.2798N,00425.1366,27.77,1017.46,49.19
15/9/2020,18:48:0,5113.2900N,00425.1063,27.69,1017.47,49.54
15/9/2020,18:48:10,5113.3018N,00425.0960,27.64,1017.44,49.68
15/9/2020,18:48:20,5113.3228N,00425.0941,27.62,1017.49,49.83
15/9/2020,18:48:30,5113.3462N,00425.0863,27.62,1017.54,49.79
15/9/2020,18:48:40,5113.3672N,00425.0726,27.60,1017.57,49.73
15/9/2020,18:48:50,5113.3882N,00425.0670,27.57,1017.59,49.95
15/9/2020,18:49:0,5113.4126N,00425.0605,27.56,1017.64,50.14
15/9/2020,18:49:10,5113.4321N,00425.0489,27.57,1017.67,50.22
15/9/2020,18:49:20,5113.4531N,00425.0429,27.59,1017.69,50.24
15/9/2020,18:49:30,5113.4600N,00425.0383,27.60,1017.72,50.15
15/9/2020,18:49:40,5113.4604N,00425.0374,27.62,1017.73,50.05
15/9/2020,18:49:50,5113.4600N,00425.0374,27.63,1017.73,50.02
15/9/2020,18:50:0,5113.4780N,00425.0326,27.63,1017.70,50.05
15/9/2020,18:50:10,5113.5034N,00425.0247,27.62,1017.69,50.15
15/9/2020,18:50:20,5113.5278N,00425.0145,27.62,1017.66,50.14
15/9/2020,18:50:30,5113.5508N,00425.0065,27.62,1017.67,50.22
15/9/2020,18:50:40,5113.5679N,00424.9964,27.64,1017.69,50.35
15/9/2020,18:50:50,5113.5864N,00424.9907,27.66,1017.70,50.21
15/9/2020,18:51:0,5113.5884N,00424.9892,27.67,1017.71,50.12
15/9/2020,18:51:10,5113.5879N,00424.9908,27.69,1017.75,50.15
15/9/2020,18:51:20,5113.5879N,00424.9897,27.69,1017.73,50.10
15/9/2020,18:51:30,5113.5947N,00424.9864,27.69,1017.71,50.31
15/9/2020,18:51:40,5113.6138N,00424.9777,27.61,1017.73,50.64
15/9/2020,18:51:50,5113.6328N,00424.9663,27.53,1017.74,50.90
15/9/2020,18:52:0,5113.6548N,00424.9581,27.51,1017.71,50.66
15/9/2020,18:52:10,5113.6753N,00424.9502,27.51,1017.71,50.55
15/9/2020,18:52:20,5113.6909N,00424.9443,27.50,1017.71,50.49
15/9/2020,18:52:30,5113.7217N,00424.9355,27.48,1017.71,50.42
15/9/2020,18:52:40,5113.7534N,00424.9241,27.47,1017.67,50.41
15/9/2020,18:52:50,5113.7744N,00424.9165,27.46,1017.67,50.41
15/9/2020,18:53:0,5113.7915N,00424.8902,27.45,1017.67,50.35
15/9/2020,18:53:10,5113.7939N,00424.8687,27.47,1017.68,50.24
15/9/2020,18:53:20,5113.7930N,00424.8409,27.49,1017.68,50.17
15/9/2020,18:53:30,5113.7944N,00424.8263,27.52,1017.69,50.22
15/9/2020,18:53:40,5113.7925N,00424.8237,27.54,1017.71,50.10
15/9/2020,18:53:50,5113.7910N,00424.8198,27.55,1017.70,50.06
15/9/2020,18:54:0,5113.7905N,00424.8187,27.58,1017.72,50.05
15/9/2020,18:54:10,5113.7896N,00424.8167,27.60,1017.73,50.03
15/9/2020,18:54:20,5113.7842N,00424.7990,27.62,1017.72,50.02
15/9/2020,18:54:30,5113.7852N,00424.7833,27.62,1017.66,50.01
15/9/2020,18:54:40,5113.7861N,00424.7719,27.62,1017.64,49.95
15/9/2020,18:54:50,5113.7852N,00424.7648,27.62,1017.63,50.29
15/9/2020,18:55:0,5113.7847N,00424.7498,27.61,1017.62,50.11
15/9/2020,18:55:10,5113.7637N,00424.7287,27.59,1017.64,50.18
15/9/2020,18:55:20,5113.7671N,00424.7058,27.50,1017.60,50.68
15/9/2020,18:55:30,5113.7690N,00424.6896,27.44,1017.64,51.03
15/9/2020,18:55:40,5113.7803N,00424.6785,27.41,1017.67,51.45
15/9/2020,18:55:50,5113.7876N,00424.6540,27.39,1017.67,51.57
15/9/2020,18:56:0,5113.7891N,00424.6188,27.35,1017.67,51.38
15/9/2020,18:56:10,5113.7886N,00424.5855,27.33,1017.68,51.65
15/9/2020,18:56:20,5113.7896N,00424.5515,27.34,1017.67,51.09
15/9/2020,18:56:30,5113.7905N,00424.5160,27.33,1017.65,50.87
15/9/2020,18:56:40,5113.7905N,00424.4811,27.33,1017.64,50.94
15/9/2020,18:56:50,5113.8032N,00424.4655,27.31,1017.67,50.85
15/9/2020,18:57:0,5113.8140N,00424.4624,27.27,1017.71,50.92
15/9/2020,18:57:10,5113.8325N,00424.4592,27.23,1017.72,51.08
15/9/2020,18:57:20,5113.8530N,00424.4636,27.20,1017.74,51.48
15/9/2020,18:57:30,5113.8647N,00424.4440,27.20,1017.65,51.53
15/9/2020,18:57:40,5113.8672N,00424.4104,27.20,1017.62,51.43
15/9/2020,18:57:50,5113.8623N,00424.3961,27.18,1017.76,51.53
15/9/2020,18:58:0,5113.8428N,00424.3973,27.17,1017.76,51.49
15/9/2020,18:58:10,5113.8184N,00424.3984,27.13,1017.76,51.69
15/9/2020,18:58:20,5113.7969N,00424.3990,27.10,1017.72,51.97
15/9/2020,18:58:30,5113.7847N,00424.3861,27.09,1017.72,52.11
15/9/2020,18:58:40,5113.7861N,00424.3541,27.07,1017.72,52.15
15/9/2020,18:58:50,5113.7852N,00424.3213,27.08,1017.69,52.43
15/9/2020,18:59:0,5113.7852N,00424.2847,27.07,1017.74,52.52
15/9/2020,18:59:10,5113.7837N,00424.2487,27.08,1017.75,52.73
15/9/2020,18:59:20,5113.7822N,00424.2135,27.08,1017.76,52.36
15/9/2020,18:59:30,5113.7808N,00424.1777,27.06,1017.76,52.60
15/9/2020,18:59:40,5113.7793N,00424.1420,27.04,1017.76,52.66
15/9/2020,18:59:50,5113.7720N,00424.1235,27.04,1017.73,52.74
15/9/2020,19:0:0,5113.7700N,00424.1218,27.05,1017.74,52.48
15/9/2020,19:0:10,5113.7695N,00424.1175,27.05,1017.74,52.48
15/9/2020,19:0:20,5113.7500N,00424.1092,27.04,1017.72,52.55
15/9/2020,19:0:30,5113.7222N,00424.1110,26.93,1017.69,53.21
15/9/2020,19:0:40,5113.6973N,00424.1089,26.84,1017.71,53.28
15/9/2020,19:0:50,5113.6743N,00424.1001,26.77,1017.73,53.07
15/9/2020,19:1:0,5113.6528N,00424.0915,26.75,1017.76,52.90
15/9/2020,19:1:10,5113.6318N,00424.0775,26.74,1017.76,53.12
15/9/2020,19:1:20,5113.6133N,00424.0561,26.69,1017.76,54.18
15/9/2020,19:1:30,5113.5884N,00424.0384,26.65,1017.73,54.19
15/9/2020,19:1:40,5113.5659N,00424.0204,26.64,1017.74,54.29
15/9/2020,19:1:50,5113.5444N,00424.0056,26.59,1017.73,54.74
15/9/2020,19:2:0,5113.5195N,00423.9956,26.55,1017.73,54.87
15/9/2020,19:2:10,5113.5044N,00423.9798,26.54,1017.73,54.96
15/9/2020,19:2:20,5113.4834N,00423.9641,26.51,1017.75,55.17
15/9/2020,19:2:30,5113.4634N,00423.9517,26.47,1017.74,55.44
15/9/2020,19:2:40,5113.4419N,00423.9334,26.42,1017.75,55.76
15/9/2020,19:2:50,5113.4199N,00423.9234,26.37,1017.75,55.73
15/9/2020,19:3:0,5113.3989N,00423.9113,26.34,1017.73,55.70
15/9/2020,19:3:10,5113.3779N,00423.8975,26.33,1017.75,55.52
15/9/2020,19:3:20,5113.3550N,00423.8775,26.33,1017.75,55.64
15/9/2020,19:3:30,5113.3340N,00423.8633,26.34,1017.75,55.46
15/9/2020,19:3:40,5113.3105N,00423.8459,26.38,1017.76,55.26
15/9/2020,19:3:50,5113.2866N,00423.8355,26.44,1017.78,55.02
15/9/2020,19:4:0,5113.2656N,00423.8213,26.47,1017.77,54.94
15/9/2020,19:4:10,5113.2476N,00423.8069,26.50,1017.75,54.91
15/9/2020,19:4:20,5113.2290N,00423.7888,26.50,1017.76,55.01
15/9/2020,19:4:30,5113.2070N,00423.7755,26.48,1017.78,55.03
15/9/2020,19:4:40,5113.1846N,00423.7605,26.46,1017.75,55.30
15/9/2020,19:4:50,5113.1641N,00423.7439,26.42,1017.73,55.35
15/9/2020,19:5:0,5113.1426N,00423.7276,26.41,1017.77,55.32
15/9/2020,19:5:10,5113.1226N,00423.7138,26.44,1017.75,54.65
15/9/2020,19:5:20,5113.1011N,00423.6992,26.48,1017.75,54.22
15/9/2020,19:5:30,5113.0791N,00423.6853,26.51,1017.76,54.30
15/9/2020,19:5:40,5113.0547N,00423.6686,26.54,1017.77,54.57
15/9/2020,19:5:50,5113.0342N,00423.6546,26.56,1017.72,54.43
15/9/2020,19:6:0,5113.0112N,00423.6389,26.59,1017.74,53.78
15/9/2020,19:6:10,5112.9922N,00423.6244,26.62,1017.72,53.64
15/9/2020,19:6:20,5112.9722N,00423.6105,26.64,1017.72,53.73
15/9/2020,19:6:30,5112.9526N,00423.5945,26.65,1017.72,53.23
15/9/2020,19:6:40,5112.9316N,00423.5784,26.65,1017.73,53.51
15/9/2020,19:6:50,5112.9106N,00423.5617,26.64,1017.74,54.01
15/9/2020,19:7:0,5112.8892N,00423.5437,26.65,1017.74,54.07
15/9/2020,19:7:10,5112.8735N,00423.5287,26.66,1017.74,53.46
15/9/2020,19:7:20,5112.8560N,00423.5131,26.67,1017.73,53.65
15/9/2020,19:7:30,5112.8369N,00423.4962,26.65,1017.73,54.01
15/9/2020,19:7:40,5112.8154N,00423.4785,26.57,1017.75,54.63
15/9/2020,19:7:50,5112.7949N,00423.4586,26.47,1017.77,55.52
15/9/2020,19:8:0,5112.7773N,00423.4343,26.35,1017.76,55.63
15/9/2020,19:8:10,5112.7563N,00423.4125,26.28,1017.75,55.32
15/9/2020,19:8:20,5112.7358N,00423.3948,26.24,1017.75,54.69
15/9/2020,19:8:30,5112.7173N,00423.3724,26.23,1017.78,54.21
15/9/2020,19:8:40,5112.6973N,00423.3473,26.25,1017.75,53.65
15/9/2020,19:8:50,5112.6777N,00423.3182,26.28,1017.78,53.99
15/9/2020,19:9:0,5112.6572N,00423.2948,26.32,1017.79,53.79
15/9/2020,19:9:10,5112.6382N,00423.2710,26.31,1017.76,54.46
15/9/2020,19:9:20,5112.6187N,00423.2503,26.25,1017.78,54.39
15/9/2020,19:9:30,5112.6016N,00423.2255,26.24,1017.76,54.30
15/9/2020,19:9:40,5112.5835N,00423.2061,26.24,1017.78,54.01
15/9/2020,19:9:50,5112.5669N,00423.1843,26.22,1017.80,53.68
15/9/2020,19:10:0,5112.5532N,00423.1840,26.23,1017.85,53.62
15/9/2020,19:10:10,5112.5479N,00423.1991,26.26,1017.81,52.32
15/9/2020,19:10:20,5112.5381N,00423.2236,26.29,1017.82,52.42
15/9/2020,19:10:30,5112.5249N,00423.2382,26.31,1017.81,52.77
15/9/2020,19:10:40,5112.5132N,00423.2372,26.32,1017.78,53.02
15/9/2020,19:10:50,5112.5010N,00423.2272,26.34,1017.77,53.00
15/9/2020,19:11:0,5112.4883N,00423.2064,26.36,1017.77,53.34
15/9/2020,19:11:10,5112.4722N,00423.1886,26.36,1017.77,53.24
15/9/2020,19:11:20,5112.4580N,00423.1736,26.34,1017.77,53.29
15/9/2020,19:11:30,5112.4419N,00423.1848,26.33,1017.77,53.42
15/9/2020,19:11:40,5112.4229N,00423.2027,26.33,1017.77,52.95
15/9/2020,19:11:50,5112.4048N,00423.2160,26.34,1017.77,52.39
15/9/2020,19:12:0,5112.4072N,00423.2300,26.39,1017.76,51.93
15/9/2020,19:12:10,5112.4116N,00423.2471,26.44,1017.76,51.67
15/9/2020,19:12:20,5112.4307N,00423.2659,26.49,1017.75,51.32
15/9/2020,19:12:30,5112.4434N,00423.2823,26.53,1017.75,51.31
15/9/2020,19:12:40,5112.4741N,00423.3265,26.57,1017.72,51.51
15/9/2020,19:12:50,5112.4941N,00423.3357,26.58,1017.71,51.66
15/9/2020,19:13:0,5112.5039N,00423.3424,26.62,1017.73,51.53
15/9/2020,19:13:10,5112.5171N,00423.3583,26.66,1017.75,51.41
15/9/2020,19:13:20,5112.5288N,00423.3774,26.71,1017.76,51.35
15/9/2020,19:13:30,5112.5464N,00423.3952,26.76,1017.76,51.26
15/9/2020,19:13:40,5112.5664N,00423.4184,26.79,1017.77,51.05
15/9/2020,19:13:50,5112.5835N,00423.4400,26.80,1017.76,51.00
15/9/2020,19:14:0,5112.5991N,00423.4635,26.82,1017.76,51.03
15/9/2020,19:14:10,5112.6138N,00423.4816,26.81,1017.78,51.13
15/9/2020,19:14:20,5112.6255N,00423.5260,26.83,1017.79,51.13
15/9/2020,19:14:30,5112.6172N,00423.5578,26.83,1017.80,51.11
15/9/2020,19:14:40,5112.6055N,00423.5869,26.82,1017.80,51.29
15/9/2020,19:14:50,5112.5957N,00423.6210,26.83,1017.78,51.40
15/9/2020,19:15:0,5112.5830N,00423.6493,26.82,1017.78,51.33
15/9/2020,19:15:10,5112.5874N,00423.6736,26.84,1017.80,51.09
15/9/2020,19:15:20,5112.5996N,00423.6847,26.87,1017.80,51.09
15/9/2020,19:15:30,5112.6162N,00423.7037,26.89,1017.82,51.07
15/9/2020,19:15:40,5112.6377N,00423.7300,26.91,1017.80,50.97
15/9/2020,19:15:50,5112.6533N,00423.7471,26.93,1017.81,51.00
15/9/2020,19:16:0,5112.6733N,00423.7701,26.94,1017.83,51.09
15/9/2020,19:16:10,5112.6924N,00423.7910,26.94,1017.82,51.06
15/9/2020,19:16:20,5112.7090N,00423.8076,26.91,1017.82,51.40
15/9/2020,19:16:30,5112.7090N,00423.8158,26.93,1017.81,51.33
15/9/2020,19:16:40,5112.7075N,00423.8177,26.93,1017.81,51.41
15/9/2020,19:16:50,5112.7119N,00423.8305,26.93,1017.81,51.43
15/9/2020,19:17:0,5112.7158N,00423.8494,26.94,1017.82,51.31
15/9/2020,19:17:10,5112.7129N,00423.8858,26.92,1017.83,51.42
15/9/2020,19:17:20,5112.7075N,00423.9197,26.86,1017.83,51.54
15/9/2020,19:17:30,5112.7061N,00423.9498,26.85,1017.81,51.40
15/9/2020,19:17:40,5112.7061N,00423.9865,26.87,1017.83,51.19
15/9/2020,19:17:50,5112.7080N,00424.0197,26.83,1017.83,52.26
15/9/2020,19:18:0,5112.7017N,00424.0386,26.77,1017.86,52.71
15/9/2020,19:18:10,5112.6865N,00424.0441,26.76,1017.90,53.13
15/9/2020,19:18:20,5112.6826N,00424.0317,26.75,1017.91,53.57
15/9/2020,19:18:30,5112.6748N,00424.0264,26.74,1017.90,53.68
15/9/2020,19:18:40,5112.6699N,00424.0037,26.71,1017.89,52.26
15/9/2020,19:18:50,5112.6646N,00423.9764,26.70,1017.88,51.61
15/9/2020,19:19:0,5112.6548N,00423.9486,26.73,1017.86,51.52
15/9/2020,19:19:10,5112.6431N,00423.9527,26.75,1017.87,51.66
15/9/2020,19:19:20,5112.6313N,00423.9792,26.74,1017.90,51.56
15/9/2020,19:19:30,5112.6177N,00424.0089,26.75,1017.92,51.41
15/9/2020,19:19:40,5112.6055N,00424.0398,26.73,1017.92,52.28
15/9/2020,19:19:50,5112.5937N,00424.0704,26.70,1017.95,52.36
15/9/2020,19:20:0,5112.5840N,00424.1002,26.71,1017.95,51.92
15/9/2020,19:20:10,5112.5757N,00424.1308,26.71,1017.95,51.99
15/9/2020,19:20:20,5112.5586N,00424.1397,26.71,1017.96,52.11
15/9/2020,19:20:30,5112.5454N,00424.1443,26.73,1017.94,51.97
15/9/2020,19:20:40,5112.5449N,00424.1442,26.74,1017.92,51.95
15/9/2020,19:20:50,5112.5444N,00424.1442,26.74,1017.93,51.90
15/9/2020,19:21:0,5112.5430N,00424.1464,26.74,1017.92,51.96
15/9/2020,19:21:10,5112.5405N,00424.1493,26.75,1017.93,52.20
15/9/2020,19:21:20,5112.5396N,00424.1515,26.75,1017.92,52.20
15/9/2020,19:21:30,5112.5371N,00424.1539,26.75,1017.93,51.95
15/9/2020,19:21:40,5112.5293N,00424.1598,26.76,1017.90,51.76
15/9/2020,19:21:50,5112.5088N,00424.1693,26.78,1017.94,51.29
15/9/2020,19:22:0,5112.4873N,00424.1854,26.75,1017.95,52.17
15/9/2020,19:22:10,5112.4873N,00424.2260,26.75,1017.95,51.62
15/9/2020,19:22:20,5112.4990N,00424.2567,26.72,1017.94,51.48
15/9/2020,19:22:30,5112.5093N,00424.2893,26.60,1017.93,52.18
15/9/2020,19:22:40,5112.5195N,00424.3229,26.56,1017.95,52.21
15/9/2020,19:22:50,5112.5254N,00424.3533,26.60,1017.94,52.02
15/9/2020,19:23:0,5112.5435N,00424.3840,26.64,1017.94,52.19
15/9/2020,19:23:10,5112.5522N,00424.4164,26.66,1017.90,52.15
15/9/2020,19:23:20,5112.5693N,00424.4467,26.69,1017.88,52.02
15/9/2020,19:23:30,5112.5669N,00424.4719,26.74,1017.86,51.89
15/9/2020,19:23:40,5112.5420N,00424.4861,26.76,1017.84,51.85
15/9/2020,19:23:50,5112.5186N,00424.5002,26.77,1017.83,51.63
15/9/2020,19:24:0,5112.4985N,00424.5178,26.76,1017.80,51.84
15/9/2020,19:24:10,5112.4800N,00424.5343,26.77,1017.77,51.71
15/9/2020,19:24:20,5112.4580N,00424.5529,26.79,1017.79,51.81
15/9/2020,19:24:30,5112.4370N,00424.5702,26.80,1017.79,51.93
15/9/2020,19:24:40,5112.4233N,00424.5820,26.82,1017.82,51.96
15/9/2020,19:24:50,5112.4219N,00424.5886,26.82,1017.83,52.12
15/9/2020,19:25:0,5112.4087N,00424.5974,26.83,1017.82,51.64
15/9/2020,19:25:10,5112.3901N,00424.6013,26.84,1017.82,51.44
15/9/2020,19:25:20,5112.3618N,00424.5995,26.85,1017.82,51.32
15/9/2020,19:25:30,5112.3345N,00424.6034,26.85,1017.79,51.43
15/9/2020,19:25:40,5112.3135N,00424.6109,26.84,1017.76,51.77
15/9/2020,19:25:50,5112.2979N,00424.6168,26.79,1017.72,52.18
15/9/2020,19:26:0,5112.2773N,00424.6326,26.75,1017.70,52.33
15/9/2020,19:26:10,5112.2617N,00424.6368,26.74,1017.70,52.29
15/9/2020,19:26:20,5112.2485N,00424.6435,26.70,1017.66,52.70
15/9/2020,19:26:30,5112.2314N,00424.6583,26.68,1017.64,52.77
15/9/2020,19:26:40,5112.2109N,00424.6775,26.66,1017.60,52.83
15/9/2020,19:26:50,5112.1924N,00424.6900,26.63,1017.58,52.86
15/9/2020,19:27:0,5112.1709N,00424.7027,26.61,1017.55,52.84
15/9/2020,19:27:10,5112.1411N,00424.7177,26.55,1017.54,52.78
15/9/2020,19:27:20,5112.1172N,00424.7292,26.44,1017.56,53.38
15/9/2020,19:27:30,5112.1040N,00424.7344,26.39,1017.59,53.62
15/9/2020,19:27:40,5112.1035N,00424.7340,26.38,1017.61,53.68
15/9/2020,19:27:50,5112.1040N,00424.7339,26.38,1017.62,53.63
15/9/2020,19:28:0,5112.0972N,00424.7469,26.39,1017.62,53.71
15/9/2020,19:28:10,5112.0767N,00424.7630,26.33,1017.55,54.00
15/9/2020,19:28:20,5112.0518N,00424.7827,26.19,1017.52,54.75
15/9/2020,19:28:30,5112.0337N,00424.7981,26.04,1017.55,55.62
15/9/2020,19:28:40,5112.0190N,00424.8092,25.93,1017.51,55.49
15/9/2020,19:28:50,5112.0005N,00424.8227,25.88,1017.48,55.63
15/9/2020,19:29:0,5111.9863N,00424.8325,25.89,1017.46,55.44
15/9/2020,19:29:10,5111.9790N,00424.8444,25.88,1017.42,56.11
15/9/2020,19:29:20,5111.9663N,00424.8608,25.84,1017.40,55.61
15/9/2020,19:29:30,5111.9487N,00424.8719,25.84,1017.40,54.90
15/9/2020,19:29:40,5111.9502N,00424.8981,25.85,1017.42,54.93
15/9/2020,19:29:50,5111.9639N,00424.9404,25.92,1017.43,54.22
15/9/2020,19:30:0,5111.9673N,00424.9885,26.06,1017.47,53.26
15/9/2020,19:30:10,5111.9731N,00425.0308,26.15,1017.50,52.77
15/9/2020,19:30:20,5111.9761N,00425.0769,26.21,1017.53,52.66
15/9/2020,19:30:30,5111.9824N,00425.1152,26.27,1017.56,53.17
15/9/2020,19:30:40,5111.9917N,00425.1529,26.28,1017.60,53.63
15/9/2020,19:30:50,5112.0034N,00425.1898,26.31,1017.63,53.53
15/9/2020,19:31:0,5112.0127N,00425.2273,26.35,1017.65,52.97
15/9/2020,19:31:10,5112.0146N,00425.2661,26.42,1017.67,52.85
15/9/2020,19:31:20,5112.0117N,00425.3035,26.46,1017.67,52.79
15/9/2020,19:31:30,5112.0176N,00425.3400,26.48,1017.66,52.97
15/9/2020,19:31:40,5112.0322N,00425.3673,26.51,1017.66,52.28
15/9/2020,19:31:50,5112.0591N,00425.3969,26.57,1017.67,52.05
15/9/2020,19:32:0,5112.0703N,00425.4230,26.62,1017.68,52.00
15/9/2020,19:32:10,5112.0674N,00425.4602,26.63,1017.67,52.17
15/9/2020,19:32:20,5112.0767N,00425.5091,26.62,1017.66,52.12
15/9/2020,19:32:30,5112.0786N,00425.5400,26.62,1017.66,52.18
15/9/2020,19:32:40,5112.0762N,00425.5673,26.63,1017.68,52.27
15/9/2020,19:32:50,5112.0698N,00425.5964,26.64,1017.68,52.23
15/9/2020,19:33:0,5112.0645N,00425.6328,26.64,1017.69,51.90
15/9/2020,19:33:10,5112.0483N,00425.6647,26.67,1017.71,51.95
15/9/2020,19:33:20,5112.0308N,00425.6951,26.71,1017.72,51.82
15/9/2020,19:33:30,5112.0234N,00425.7225,26.72,1017.73,51.99
15/9/2020,19:33:40,5112.0195N,00425.7528,26.74,1017.74,52.05
15/9/2020,19:33:50,5112.0093N,00425.7866,26.76,1017.74,51.92
15/9/2020,19:34:0,5112.0107N,00425.8163,26.77,1017.76,51.61
15/9/2020,19:34:10,5112.0215N,00425.8494,26.78,1017.77,51.89
15/9/2020,19:34:20,5112.0063N,00425.8677,26.80,1017.90,50.98
15/9/2020,19:34:30,5111.9966N,00425.8792,26.80,1018.00,51.13
15/9/2020,19:34:40,5111.9893N,00425.8908,26.71,1018.02,51.79
15/9/2020,19:34:50,5112.0483N,00425.9553,26.62,1017.94,51.19
15/9/2020,19:35:0,5112.0425N,00425.9789,26.65,1017.79,50.63
15/9/2020,19:35:10,5112.0454N,00426.0068,26.68,1017.76,50.36
15/9/2020,19:35:20,5112.0464N,00426.0189,26.71,1017.79,50.27
15/9/2020,19:35:30,5112.0664N,00426.0380,26.74,1017.79,50.25
15/9/2020,19:35:40,5112.0757N,00426.0518,26.78,1017.79,49.90
15/9/2020,19:35:50,5112.0815N,00426.0661,26.82,1017.77,49.95
15/9/2020,19:36:0,5112.0801N,00426.0675,26.83,1017.77,49.98
15/9/2020,19:36:10,5112.0791N,00426.0692,26.83,1017.78,49.82
15/9/2020,19:36:20,5112.0791N,00426.0692,26.85,1017.77,49.96
15/9/2020,19:36:30,5112.0791N,00426.0692,26.86,1017.76,49.81
15/9/2020,19:36:40,5112.0791N,00426.0688,26.89,1017.78,49.57
15/9/2020,19:36:50,5112.0796N,00426.0709,26.91,1017.76,49.32
15/9/2020,19:37:0,5112.0718N,00426.1074,26.94,1017.75,49.31
15/9/2020,19:37:10,5112.0630N,00426.1427,26.94,1017.74,49.04
15/9/2020,19:37:20,5112.0508N,00426.1774,26.92,1017.72,49.32
15/9/2020,19:37:30,5112.0381N,00426.2130,26.86,1017.70,49.62
15/9/2020,19:37:40,5112.0269N,00426.2440,26.87,1017.69,49.39
15/9/2020,19:37:50,5112.0171N,00426.2767,26.87,1017.70,49.86
15/9/2020,19:38:0,5112.0078N,00426.3101,26.83,1017.69,49.62
15/9/2020,19:38:10,5111.9976N,00426.3449,26.81,1017.71,49.54
15/9/2020,19:38:20,5111.9795N,00426.3578,26.79,1017.73,49.75
15/9/2020,19:38:30,5111.9551N,00426.3709,26.78,1017.72,49.76
15/9/2020,19:38:40,5111.9409N,00426.3936,26.81,1017.72,49.41
15/9/2020,19:38:50,5111.9214N,00426.4188,26.83,1017.70,49.19
15/9/2020,19:39:0,5111.9062N,00426.4451,26.83,1017.67,49.32
15/9/2020,19:39:10,5111.8931N,00426.4687,26.82,1017.64,49.60
15/9/2020,19:39:20,5111.8691N,00426.4895,26.83,1017.64,49.44
15/9/2020,19:39:30,5111.8540N,00426.5074,26.83,1017.64,49.27
15/9/2020,19:39:40,5111.8506N,00426.5071,26.84,1017.66,49.64
15/9/2020,19:39:50,5111.8506N,00426.5086,26.85,1017.65,49.90
15/9/2020,19:40:0,5111.8501N,00426.5117,26.86,1017.65,49.91
15/9/2020,19:40:10,5111.8496N,00426.5154,26.87,1017.66,49.62
15/9/2020,19:40:20,5111.8442N,00426.5211,26.88,1017.66,49.08
15/9/2020,19:40:30,5111.8257N,00426.5403,26.89,1017.64,49.07
15/9/2020,19:40:40,5111.8081N,00426.5565,26.89,1017.63,49.26
15/9/2020,19:40:50,5111.7891N,00426.5740,26.90,1017.59,49.00
15/9/2020,19:41:0,5111.7661N,00426.5907,26.90,1017.58,48.98
15/9/2020,19:41:10,5111.7427N,00426.6118,26.89,1017.58,49.25
15/9/2020,19:41:20,5111.7300N,00426.6310,26.86,1017.57,49.31
15/9/2020,19:41:30,5111.7031N,00426.6536,26.85,1017.56,49.06
15/9/2020,19:41:40,5111.6797N,00426.6788,26.85,1017.57,48.47
15/9/2020,19:41:50,5111.6597N,00426.6968,26.86,1017.58,48.55
15/9/2020,19:42:0,5111.6362N,00426.7186,26.87,1017.59,48.44
15/9/2020,19:42:10,5111.6201N,00426.7390,26.87,1017.57,48.40
15/9/2020,19:42:20,5111.6030N,00426.7563,26.88,1017.56,48.41
15/9/2020,19:42:30,5111.5840N,00426.7813,26.86,1017.56,48.74
15/9/2020,19:42:40,5111.5586N,00426.8039,26.83,1017.55,49.05
15/9/2020,19:42:50,5111.5391N,00426.8204,26.80,1017.51,49.09
15/9/2020,19:43:0,5111.5210N,00426.8378,26.78,1017.50,49.06
15/9/2020,19:43:10,5111.5059N,00426.8582,26.76,1017.50,49.16
15/9/2020,19:43:20,5111.4819N,00426.8845,26.75,1017.48,49.12
15/9/2020,19:43:30,5111.4639N,00426.9000,26.72,1017.46,49.25
15/9/2020,19:43:40,5111.4424N,00426.9197,26.70,1017.44,49.41
15/9/2020,19:43:50,5111.4160N,00426.9356,26.63,1017.40,49.73
15/9/2020,19:44:0,5111.3916N,00426.9372,26.60,1017.41,49.37
15/9/2020,19:44:10,5111.3667N,00426.9349,26.60,1017.40,49.33
15/9/2020,19:44:20,5111.3452N,00426.9410,26.56,1017.42,50.42
15/9/2020,19:44:30,5111.3198N,00426.9470,26.50,1017.38,50.75
15/9/2020,19:44:40,5111.2988N,00426.9751,26.45,1017.23,50.02
15/9/2020,19:44:50,5111.2808N,00426.9999,26.44,1017.14,49.85
15/9/2020,19:45:0,5111.2642N,00427.0262,26.42,1017.01,49.86
15/9/2020,19:45:10,5111.2441N,00427.0522,26.42,1016.95,49.76
15/9/2020,19:45:20,5111.2290N,00427.0914,26.41,1017.03,49.83
15/9/2020,19:45:30,5111.2139N,00427.1278,26.43,1017.14,49.89
15/9/2020,19:45:40,5111.1982N,00427.1601,26.43,1017.18,50.22
15/9/2020,19:45:50,5111.1831N,00427.1867,26.38,1017.20,50.74
15/9/2020,19:46:0,5111.1655N,00427.2203,26.31,1017.22,51.07
15/9/2020,19:46:10,5111.1504N,00427.2514,26.24,1017.25,51.00
15/9/2020,19:46:20,5111.1338N,00427.2804,26.21,1017.27,50.70
15/9/2020,19:46:30,5111.1196N,00427.3107,26.19,1017.26,50.56
15/9/2020,19:46:40,5111.1060N,00427.3397,26.19,1017.25,50.46
15/9/2020,19:46:49,5111.0947N,00427.3635,26.19,1017.23,50.99
15/9/2020,19:47:0,5111.0781N,00427.3977,26.07,1017.24,52.40
15/9/2020,19:47:10,5111.0654N,00427.4270,26.04,1017.25,51.44
15/9/2020,19:47:20,5111.0493N,00427.4576,26.05,1017.27,51.15
15/9/2020,19:47:30,5111.0347N,00427.4882,26.04,1017.27,51.33
15/9/2020,19:47:40,5111.0190N,00427.5185,25.95,1017.25,53.13
15/9/2020,19:47:50,5111.0059N,00427.5490,25.67,1017.26,55.36
15/9/2020,19:48:0,5110.9922N,00427.5796,25.62,1017.25,54.45
15/9/2020,19:48:10,5110.9785N,00427.6099,25.52,1017.23,55.72
15/9/2020,19:48:19,5110.9663N,00427.6369,25.41,1017.20,55.68
15/9/2020,19:48:30,5110.9478N,00427.6834,25.33,1017.20,55.75
15/9/2020,19:48:40,5110.9346N,00427.7198,25.29,1017.20,55.37
15/9/2020,19:48:50,5110.9209N,00427.7556,25.23,1017.21,55.65
15/9/2020,19:48:59,5110.9072N,00427.7850,25.24,1017.20,54.76
15/9/2020,19:49:10,5110.8882N,00427.8273,25.27,1017.20,54.39
15/9/2020,19:49:20,5110.8745N,00427.8599,25.35,1017.20,53.80
15/9/2020,19:49:30,5110.8618N,00427.8967,25.45,1017.17,53.53
15/9/2020,19:49:39,5110.8501N,00427.9290,25.51,1017.16,53.57
15/9/2020,19:49:50,5110.8379N,00427.9632,25.53,1017.13,53.72
15/9/2020,19:50:0,5110.8311N,00427.9972,25.51,1017.12,54.22
15/9/2020,19:50:10,5110.8208N,00428.0331,25.30,1017.21,56.13
15/9/2020,19:50:20,5110.8125N,00428.0651,25.02,1017.29,57.11
15/9/2020,19:50:29,5110.8057N,00428.0947,24.73,1017.34,58.52
15/9/2020,19:50:40,5110.7881N,00428.1390,24.47,1017.36,59.56
15/9/2020,19:50:50,5110.7705N,00428.1780,24.29,1017.35,59.73
15/9/2020,19:51:0,5110.7568N,00428.2060,24.13,1017.34,59.89
15/9/2020,19:51:9,5110.7441N,00428.2274,23.91,1017.31,60.97
15/9/2020,19:51:20,5110.7300N,00428.2466,23.64,1017.27,61.97
15/9/2020,19:51:30,5110.7124N,00428.2658,23.42,1017.23,62.50
15/9/2020,19:51:40,5110.6978N,00428.2825,23.25,1017.18,62.45
15/9/2020,19:51:49,5110.6880N,00428.2954,23.08,1017.19,62.51
15/9/2020,19:52:0,5110.6802N,00428.3028,22.87,1017.19,63.92
15/9/2020,19:52:10,5110.6763N,00428.3036,22.63,1017.20,65.71
15/9/2020,19:52:19,5110.6699N,00428.3107,22.34,1017.23,66.95
15/9/2020,19:52:30,5110.6494N,00428.3405,22.05,1017.27,68.06
15/9/2020,19:52:39,5110.6274N,00428.3760,21.84,1017.30,69.13
15/9/2020,19:52:50,5110.5952N,00428.4209,21.74,1017.30,69.48
15/9/2020,19:53:0,5110.5703N,00428.4496,21.63,1017.31,69.57
15/9/2020,19:53:10,5110.5503N,00428.4719,21.52,1017.27,69.95
15/9/2020,19:53:19,5110.5312N,00428.4936,21.42,1017.24,70.52
15/9/2020,19:53:30,5110.5068N,00428.5223,21.36,1017.21,70.59
15/9/2020,19:53:39,5110.4893N,00428.5443,21.33,1017.16,70.28
15/9/2020,19:53:50,5110.4692N,00428.5705,21.38,1017.11,69.94
15/9/2020,19:53:59,5110.4517N,00428.5941,21.42,1017.05,69.72
15/9/2020,19:54:9,5110.4302N,00428.6257,21.50,1017.04,70.26
15/9/2020,19:54:19,5110.4048N,00428.6652,21.62,1017.02,69.44
15/9/2020,19:54:29,5110.3833N,00428.6915,21.73,1017.00,68.66
15/9/2020,19:54:39,5110.3608N,00428.7227,21.85,1016.94,67.97
15/9/2020,19:54:49,5110.3496N,00428.7484,21.97,1016.95,67.41
15/9/2020,19:55:0,5110.3555N,00428.7694,22.05,1017.00,67.16
15/9/2020,19:55:9,5110.3623N,00428.7932,22.14,1017.09,67.11
15/9/2020,19:55:20,5110.3633N,00428.8421,22.21,1017.14,66.97
15/9/2020,19:55:30,5110.3618N,00428.8788,22.29,1017.14,66.97
15/9/2020,19:55:39,5110.3604N,00428.9125,22.31,1017.15,66.85
15/9/2020,19:55:49,5110.3579N,00428.9501,22.26,1017.14,67.19
15/9/2020,19:55:59,5110.3657N,00428.9748,22.35,1017.17,66.38
15/9/2020,19:56:9,5110.3613N,00429.0085,22.33,1017.13,68.43
15/9/2020,19:56:19,5110.3560N,00429.0401,22.07,1017.10,69.51
15/9/2020,19:56:29,5110.3608N,00429.0645,21.81,1017.09,69.71
15/9/2020,19:56:39,5110.3828N,00429.0736,21.45,1017.10,69.61
15/9/2020,19:56:49,5110.4023N,00429.0803,21.17,1017.10,70.90
15/9/2020,19:57:0,5110.4253N,00429.0874,21.03,1017.12,71.61
15/9/2020,19:57:10,5110.4463N,00429.0946,20.93,1017.17,72.48
15/9/2020,19:57:19,5110.4653N,00429.1010,20.88,1017.21,72.67
15/9/2020,19:57:29,5110.4824N,00429.1078,20.85,1017.24,71.93
15/9/2020,19:57:40,5110.5049N,00429.1162,20.82,1017.25,72.69
15/9/2020,19:57:50,5110.5137N,00429.1439,20.80,1017.22,71.31
15/9/2020,19:57:59,5110.5151N,00429.1744,20.76,1017.22,72.90
15/9/2020,19:58:9,5110.5122N,00429.2106,20.81,1017.19,73.86
15/9/2020,19:58:19,5110.5151N,00429.2514,20.99,1017.17,72.77
15/9/2020,19:58:29,5110.5288N,00429.2725,21.18,1017.17,71.75
15/9/2020,19:58:39,5110.5522N,00429.2665,21.32,1017.24,71.00
15/9/2020,19:58:49,5110.5640N,00429.2896,21.41,1017.27,70.63
15/9/2020,19:58:59,5110.5752N,00429.3213,21.40,1017.31,70.19
15/9/2020,19:59:9,5110.5850N,00429.3556,21.43,1017.32,70.49
15/9/2020,19:59:19,5110.5952N,00429.3975,21.49,1017.33,70.88
15/9/2020,19:59:29,5110.6006N,00429.4425,21.49,1017.32,70.76
15/9/2020,19:59:39,5110.6064N,00429.4806,21.62,1017.33,70.00
15/9/2020,19:59:49,5110.6064N,00429.5168,21.69,1017.32,69.87
15/9/2020,19:59:59,5110.6050N,00429.5479,21.62,1017.34,70.47
15/9/2020,20:0:9,5110.6050N,00429.5716,21.57,1017.34,70.70
15/9/2020,20:0:19,5110.6138N,00429.6086,21.52,1017.32,71.17
15/9/2020,20:0:29,5110.6250N,00429.6485,21.44,1017.31,70.44
15/9/2020,20:0:39,5110.6318N,00429.6876,21.31,1017.31,69.85
15/9/2020,20:0:49,5110.6318N,00429.7285,21.26,1017.32,69.41
15/9/2020,20:0:59,5110.6362N,00429.7676,21.18,1017.31,69.65
15/9/2020,20:1:9,5110.6382N,00429.8050,21.15,1017.31,71.69
15/9/2020,20:1:19,5110.6372N,00429.8429,21.11,1017.33,73.38
15/9/2020,20:1:29,5110.6348N,00429.8786,20.84,1017.35,74.35
15/9/2020,20:1:39,5110.6387N,00429.9184,20.55,1017.36,75.53
15/9/2020,20:1:49,5110.6489N,00429.9548,20.34,1017.36,76.70
15/9/2020,20:1:59,5110.6655N,00429.9821,20.36,1017.41,77.60
15/9/2020,20:2:9,5110.6782N,00430.0119,20.44,1017.47,78.21
15/9/2020,20:2:19,5110.6909N,00430.0426,20.51,1017.46,79.21
15/9/2020,20:2:29,5110.7007N,00430.0751,20.53,1017.46,78.47
15/9/2020,20:2:39,5110.7109N,00430.1141,20.57,1017.43,76.82
15/9/2020,20:2:49,5110.7217N,00430.1502,20.66,1017.39,75.51
15/9/2020,20:2:59,5110.7349N,00430.1849,20.71,1017.37,75.45
15/9/2020,20:3:9,5110.7485N,00430.2174,20.70,1017.37,75.23
15/9/2020,20:3:19,5110.7578N,00430.2539,20.60,1017.40,75.60
15/9/2020,20:3:29,5110.7681N,00430.2912,20.52,1017.41,75.70
15/9/2020,20:3:39,5110.7817N,00430.3277,20.62,1017.40,76.02
15/9/2020,20:3:49,5110.7944N,00430.3597,20.83,1017.40,75.87
15/9/2020,20:3:59,5110.8062N,00430.3911,20.96,1017.43,74.88
15/9/2020,20:4:9,5110.7974N,00430.4178,21.05,1017.43,74.30
15/9/2020,20:4:19,5110.7773N,00430.4382,21.10,1017.42,74.03
15/9/2020,20:4:29,5110.7681N,00430.4670,21.14,1017.40,74.21
15/9/2020,20:4:39,5110.7739N,00430.4999,21.17,1017.41,73.97
15/9/2020,20:4:49,5110.7822N,00430.5346,21.23,1017.42,73.72
15/9/2020,20:4:59,5110.8013N,00430.5594,21.29,1017.41,73.72
15/9/2020,20:5:9,5110.8198N,00430.5822,21.43,1017.44,72.65
15/9/2020,20:5:19,5110.8413N,00430.6070,21.51,1017.47,72.38
15/9/2020,20:5:29,5110.8618N,00430.6295,21.58,1017.50,71.58
15/9/2020,20:5:39,5110.8799N,00430.6509,21.70,1017.52,70.68
15/9/2020,20:5:49,5110.9009N,00430.6740,21.85,1017.51,69.63
15/9/2020,20:5:59,5110.9263N,00430.6846,21.99,1017.53,69.10
15/9/2020,20:6:9,5110.9531N,00430.6881,22.09,1017.52,67.84
15/9/2020,20:6:19,5110.9795N,00430.6921,22.13,1017.52,67.62
15/9/2020,20:6:29,5111.0000N,00430.6951,22.18,1017.53,66.45
15/9/2020,20:6:39,5111.0293N,00430.6972,22.24,1017.54,67.24
15/9/2020,20:6:49,5111.0537N,00430.6981,22.28,1017.56,66.90
15/9/2020,20:6:59,5111.0771N,00430.6997,22.33,1017.58,65.85
15/9/2020,20:7:9,5111.1016N,00430.7023,22.30,1017.59,67.40
15/9/2020,20:7:19,5111.1211N,00430.7144,22.15,1017.65,69.02
15/9/2020,20:7:29,5111.1191N,00430.7496,21.93,1017.66,70.02
15/9/2020,20:7:39,5111.1177N,00430.7895,21.72,1017.65,70.89
15/9/2020,20:7:49,5111.1191N,00430.8260,21.50,1017.63,72.44
15/9/2020,20:7:59,5111.1201N,00430.8643,21.37,1017.61,72.65
15/9/2020,20:8:9,5111.1396N,00430.8718,21.43,1017.60,71.00
15/9/2020,20:8:19,5111.1631N,00430.8707,21.35,1017.63,72.44
15/9/2020,20:8:29,5111.1870N,00430.8702,21.21,1017.63,74.36
15/9/2020,20:8:39,5111.2046N,00430.8869,21.28,1017.64,73.57
15/9/2020,20:8:49,5111.2168N,00430.9168,21.36,1017.66,71.66
15/9/2020,20:8:59,5111.2324N,00430.9480,21.44,1017.64,71.03
15/9/2020,20:9:9,5111.2427N,00430.9790,21.61,1017.65,70.27
15/9/2020,20:9:19,5111.2642N,00430.9838,21.68,1017.69,70.27
15/9/2020,20:9:29,5111.2910N,00430.9909,21.63,1017.70,71.01
15/9/2020,20:9:39,5111.3159N,00430.9983,21.60,1017.69,71.05
15/9/2020,20:9:49,5111.3242N,00431.0207,21.62,1017.68,70.97
15/9/2020,20:9:59,5111.3242N,00431.0580,21.57,1017.68,70.74
15/9/2020,20:10:9,5111.3247N,00431.0916,21.47,1017.66,71.68
15/9/2020,20:10:19,5111.3276N,00431.1259,21.39,1017.67,72.00
15/9/2020,20:10:29,5111.3286N,00431.1599,21.30,1017.68,71.72
15/9/2020,20:10:39,5111.3296N,00431.1947,21.22,1017.68,71.36
15/9/2020,20:10:49,5111.3296N,00431.2270,21.17,1017.69,71.03
15/9/2020,20:10:59,5111.3281N,00431.2632,21.21,1017.66,70.32
15/9/2020,20:11:9,5111.3281N,00431.2972,21.27,1017.67,70.11
15/9/2020,20:11:19,5111.3218N,00431.3320,21.25,1017.67,70.00
15/9/2020,20:11:29,5111.3140N,00431.3672,21.29,1017.69,70.15
15/9/2020,20:11:39,5111.3223N,00431.3921,21.30,1017.67,69.63
15/9/2020,20:11:49,5111.3364N,00431.4199,21.30,1017.67,69.78
15/9/2020,20:11:59,5111.3496N,00431.4461,21.40,1017.67,69.45
15/9/2020,20:12:9,5111.3716N,00431.4580,21.41,1017.69,69.81
15/9/2020,20:12:19,5111.3931N,00431.4694,21.39,1017.70,71.82
15/9/2020,20:12:29,5111.4048N,00431.4957,21.38,1017.70,70.97
15/9/2020,20:12:39,5111.4121N,00431.5277,21.36,1017.69,70.03
15/9/2020,20:12:49,5111.4189N,00431.5555,21.37,1017.70,70.11
15/9/2020,20:12:59,5111.4258N,00431.5857,21.37,1017.72,70.30
15/9/2020,20:13:9,5111.4292N,00431.6183,21.29,1017.72,69.40
15/9/2020,20:13:19,5111.4287N,00431.6564,21.12,1017.73,69.93
15/9/2020,20:13:29,5111.4272N,00431.6931,20.90,1017.74,70.77
15/9/2020,20:13:39,5111.4263N,00431.7311,20.66,1017.76,72.35
15/9/2020,20:13:49,5111.4189N,00431.7619,20.49,1017.74,74.02
15/9/2020,20:13:59,5111.4102N,00431.7902,20.47,1017.71,74.61
15/9/2020,20:14:9,5111.3960N,00431.8165,20.53,1017.74,74.02
15/9/2020,20:14:19,5111.3789N,00431.8468,20.55,1017.76,73.89
15/9/2020,20:14:29,5111.3647N,00431.8792,20.60,1017.75,73.71
15/9/2020,20:14:39,5111.3496N,00431.9037,20.74,1017.74,73.55
15/9/2020,20:14:49,5111.3315N,00431.9209,20.93,1017.73,73.97
15/9/2020,20:14:59,5111.3115N,00431.9350,21.02,1017.74,73.94
15/9/2020,20:15:9,5111.2881N,00431.9482,21.02,1017.73,75.19
15/9/2020,20:15:19,5111.2676N,00431.9540,21.05,1017.69,75.76
15/9/2020,20:15:29,5111.2476N,00431.9576,21.06,1017.67,75.89
15/9/2020,20:15:39,5111.2139N,00431.9676,21.06,1017.70,75.73
15/9/2020,20:15:49,5111.1914N,00431.9789,20.93,1017.72,75.34
15/9/2020,20:15:59,5111.1665N,00431.9853,20.98,1017.72,74.36
15/9/2020,20:16:9,5111.1445N,00431.9912,21.13,1017.72,72.99
15/9/2020,20:16:19,5111.1289N,00431.9959,21.23,1017.73,73.61
15/9/2020,20:16:29,5111.1108N,00432.0036,21.27,1017.70,73.48
15/9/2020,20:16:39,5111.0923N,00432.0148,21.17,1017.70,73.57
15/9/2020,20:16:49,5111.0640N,00432.0288,20.97,1017.69,74.98
15/9/2020,20:16:59,5111.0469N,00432.0386,20.88,1017.69,75.20
15/9/2020,20:17:9,5111.0317N,00432.0501,20.84,1017.66,75.96
15/9/2020,20:17:19,5111.0269N,00432.0854,20.77,1017.69,75.88
15/9/2020,20:17:29,5111.0244N,00432.1184,20.68,1017.67,76.15
15/9/2020,20:17:39,5111.0229N,00432.1570,20.66,1017.68,76.40
15/9/2020,20:17:49,5111.0234N,00432.1991,20.60,1017.69,77.01
15/9/2020,20:17:59,5111.0298N,00432.2392,20.57,1017.69,76.66
15/9/2020,20:18:9,5111.0396N,00432.2797,20.47,1017.69,75.40
15/9/2020,20:18:19,5111.0547N,00432.3103,20.39,1017.69,76.01
15/9/2020,20:18:29,5111.0674N,00432.3355,20.46,1017.65,77.65
15/9/2020,20:18:39,5111.0835N,00432.3461,20.53,1017.64,77.50
15/9/2020,20:18:49,5111.0952N,00432.3727,20.54,1017.63,76.76
15/9/2020,20:18:59,5111.0903N,00432.4089,20.51,1017.61,76.56
15/9/2020,20:19:9,5111.0840N,00432.4410,20.45,1017.58,75.52
15/9/2020,20:19:19,5111.0757N,00432.4713,20.27,1017.52,74.77
15/9/2020,20:19:29,5111.0654N,00432.5077,20.11,1017.49,75.26
15/9/2020,20:19:39,5111.0552N,00432.5420,20.04,1017.48,75.33
15/9/2020,20:19:50,5111.0459N,00432.5792,19.94,1017.52,76.74
15/9/2020,20:20:0,5111.0361N,00432.6153,19.83,1017.51,77.52
15/9/2020,20:20:10,5111.0308N,00432.6459,19.81,1017.48,77.67
15/9/2020,20:20:19,5111.0239N,00432.6751,19.85,1017.47,77.35
15/9/2020,20:20:29,5111.0200N,00432.7093,19.96,1017.45,76.68
15/9/2020,20:20:39,5111.0234N,00432.7421,20.15,1017.44,75.98
15/9/2020,20:20:49,5111.0410N,00432.7650,20.43,1017.47,74.76
15/9/2020,20:20:59,5111.0542N,00432.7855,20.74,1017.46,73.64
15/9/2020,20:21:9,5111.0703N,00432.8085,21.00,1017.49,73.35
15/9/2020,20:21:19,5111.0854N,00432.8204,21.22,1017.48,71.58
15/9/2020,20:21:29,5111.1045N,00432.8002,21.40,1017.49,70.47
15/9/2020,20:21:39,5111.1182N,00432.7747,21.53,1017.50,69.94
15/9/2020,20:21:49,5111.1309N,00432.7522,21.57,1017.51,69.91
15/9/2020,20:21:59,5111.1543N,00432.7644,21.67,1017.51,69.95
15/9/2020,20:22:9,5111.1753N,00432.7790,21.77,1017.51,68.93
15/9/2020,20:22:19,5111.2012N,00432.7960,21.78,1017.51,68.30
15/9/2020,20:22:29,5111.2246N,00432.8135,21.83,1017.54,68.07
15/9/2020,20:22:39,5111.2437N,00432.8296,21.83,1017.57,68.23
15/9/2020,20:22:49,5111.2617N,00432.8397,21.85,1017.60,68.49
15/9/2020,20:22:59,5111.2852N,00432.8460,21.91,1017.61,68.27
15/9/2020,20:23:9,5111.3042N,00432.8470,21.84,1017.62,68.32
15/9/2020,20:23:19,5111.3252N,00432.8637,21.66,1017.63,68.84
15/9/2020,20:23:29,5111.3408N,00432.8847,21.44,1017.64,69.80
15/9/2020,20:23:39,5111.3589N,00432.9032,21.41,1017.68,70.53
15/9/2020,20:23:49,5111.3740N,00432.8898,21.31,1017.66,70.84
15/9/2020,20:23:59,5111.3862N,00432.8595,20.98,1017.68,71.62
15/9/2020,20:24:9,5111.4033N,00432.8367,20.71,1017.74,72.61
15/9/2020,20:24:19,5111.4214N,00432.8490,20.63,1017.73,73.64
15/9/2020,20:24:29,5111.4399N,00432.8539,20.68,1017.71,73.63
15/9/2020,20:24:39,5111.4668N,00432.8565,20.75,1017.73,73.54
15/9/2020,20:24:49,5111.4927N,00432.8634,20.75,1017.76,73.49
15/9/2020,20:24:59,5111.5166N,00432.8680,20.68,1017.74,73.51
15/9/2020,20:25:9,5111.5420N,00432.8687,20.68,1017.76,73.59
15/9/2020,20:25:19,5111.5630N,00432.8704,20.75,1017.79,73.44
15/9/2020,20:25:29,5111.5835N,00432.8608,20.86,1017.78,73.49
15/9/2020,20:25:39,5111.6050N,00432.8492,21.03,1017.76,72.66
15/9/2020,20:25:49,5111.6250N,00432.8367,21.21,1017.75,71.77
15/9/2020,20:25:59,5111.6401N,00432.8546,21.38,1017.77,71.30
15/9/2020,20:26:9,5111.6465N,00432.8903,21.57,1017.78,70.62
15/9/2020,20:26:19,5111.6494N,00432.9277,21.76,1017.80,69.34
15/9/2020,20:26:29,5111.6523N,00432.9687,21.84,1017.80,69.25
15/9/2020,20:26:39,5111.6484N,00433.0074,21.86,1017.78,68.50
15/9/2020,20:26:49,5111.6421N,00433.0437,21.91,1017.80,68.37
15/9/2020,20:26:59,5111.6294N,00433.0752,22.01,1017.80,67.67
15/9/2020,20:27:9,5111.6060N,00433.1035,22.18,1017.80,66.22
15/9/2020,20:27:19,5111.5898N,00433.1236,22.29,1017.81,66.49
15/9/2020,20:27:29,5111.5874N,00433.1342,22.30,1017.84,66.77
15/9/2020,20:27:39,5111.5928N,00433.1586,22.32,1017.81,67.05
15/9/2020,20:27:49,5111.6084N,00433.1616,22.32,1017.80,67.27
15/9/2020,20:27:59,5111.6255N,00433.1498,22.27,1017.84,68.04
15/9/2020,20:28:9,5111.6611N,00433.1522,22.16,1017.84,68.86
15/9/2020,20:28:19,5111.6831N,00433.1483,22.05,1017.86,69.39
15/9/2020,20:28:29,5111.7065N,00433.1448,22.01,1017.87,70.03
15/9/2020,20:28:39,5111.7290N,00433.1419,21.95,1017.88,70.69
15/9/2020,20:28:49,5111.7500N,00433.1389,21.91,1017.91,71.25
15/9/2020,20:28:59,5111.7686N,00433.1362,21.90,1017.90,71.67
15/9/2020,20:29:9,5111.7915N,00433.1323,21.94,1017.89,73.08
15/9/2020,20:29:19,5111.8115N,00433.1309,21.99,1017.88,73.23
15/9/2020,20:29:29,5111.8325N,00433.1285,22.05,1017.87,72.69
15/9/2020,20:29:39,5111.8589N,00433.1254,22.17,1017.88,69.49
15/9/2020,20:29:49,5111.8809N,00433.1229,22.29,1017.88,67.12
15/9/2020,20:29:59,5111.9033N,00433.1188,22.43,1017.86,66.65
15/9/2020,20:30:9,5111.9307N,00433.1129,22.51,1017.87,69.56
15/9/2020,20:30:19,5111.9546N,00433.1015,22.57,1017.89,67.17
15/9/2020,20:30:29,5111.9878N,00433.0901,22.68,1017.89,64.06
15/9/2020,20:30:39,5112.0303N,00433.0881,22.85,1017.90,62.11
15/9/2020,20:30:49,5112.0449N,00433.1132,22.84,1017.89,62.33
15/9/2020,20:30:59,5112.0649N,00433.1402,22.82,1017.86,62.41
15/9/2020,20:31:9,5112.0801N,00433.1587,22.87,1017.83,62.30
15/9/2020,20:31:19,5112.1021N,00433.1569,22.84,1017.87,62.45
15/9/2020,20:31:29,5112.1079N,00433.1565,22.82,1017.86,62.62
15/9/2020,20:31:39,5112.1040N,00433.1606,22.81,1017.87,62.87
15/9/2020,20:31:49,5112.0952N,00433.1567,22.80,1017.87,63.33
15/9/2020,20:31:59,5112.0952N,00433.1538,22.77,1017.86,63.18
15/9/2020,20:32:9,5112.0942N,00433.1524,22.75,1017.86,63.07
15/9/2020,20:32:19,5112.0942N,00433.1521,22.73,1017.86,62.82
15/9/2020,20:32:29,5112.0918N,00433.1515,22.70,1017.84,62.70
15/9/2020,20:32:39,5112.0913N,00433.1510,22.69,1017.84,62.72
15/9/2020,20:32:49,5112.0977N,00433.1473,22.68,1017.83,62.92
15/9/2020,20:32:59,5112.1138N,00433.1450,22.65,1017.83,64.27
15/9/2020,20:33:9,5112.1470N,00433.1552,22.53,1017.83,65.18
15/9/2020,20:33:19,5112.1685N,00433.1672,22.36,1017.84,65.43
15/9/2020,20:33:29,5112.1934N,00433.1597,22.22,1017.86,65.32
15/9/2020,20:33:39,5112.2129N,00433.1540,22.10,1017.84,65.82
15/9/2020,20:33:49,5112.2354N,00433.1450,21.93,1017.83,65.30
15/9/2020,20:33:59,5112.2583N,00433.1373,21.76,1017.83,65.71
15/9/2020,20:34:9,5112.2832N,00433.1291,21.59,1017.82,67.16
15/9/2020,20:34:19,5112.3027N,00433.1276,21.44,1017.81,68.04
15/9/2020,20:34:29,5112.3208N,00433.1279,21.28,1017.83,68.42
15/9/2020,20:34:39,5112.3354N,00433.1343,21.18,1017.84,69.29
15/9/2020,20:34:49,5112.3545N,00433.1472,21.14,1017.72,69.68
15/9/2020,20:34:59,5112.3696N,00433.1510,21.19,1017.56,68.94
15/9/2020,20:35:9,5112.3867N,00433.1560,21.33,1017.40,67.68
15/9/2020,20:35:19,5112.4033N,00433.1631,21.50,1017.28,66.90
15/9/2020,20:35:29,5112.4180N,00433.1665,21.75,1017.14,65.38
15/9/2020,20:35:39,5112.4375N,00433.1741,22.09,1017.12,63.40
15/9/2020,20:35:49,5112.4629N,00433.1802,22.34,1017.23,62.30
15/9/2020,20:35:59,5112.4858N,00433.1659,22.49,1017.39,62.15
15/9/2020,20:36:9,5112.5117N,00433.1519,22.58,1017.55,62.27
15/9/2020,20:36:19,5112.5430N,00433.1345,22.63,1017.72,61.98
15/9/2020,20:36:29,5112.5786N,00433.1204,22.65,1017.84,61.95
15/9/2020,20:36:39,5112.6021N,00433.1186,22.59,1017.88,63.44
15/9/2020,20:36:49,5112.6255N,00433.1218,22.48,1017.89,64.17
15/9/2020,20:36:59,5112.6494N,00433.1184,22.41,1017.90,63.49
15/9/2020,20:37:9,5112.6709N,00433.1058,22.35,1017.97,63.78
15/9/2020,20:37:19,5112.6860N,00433.0855,22.38,1018.00,62.69
15/9/2020,20:37:29,5112.7100N,00433.0651,22.35,1018.03,62.92
15/9/2020,20:37:39,5112.7319N,00433.0551,22.08,1018.05,65.59
15/9/2020,20:37:49,5112.7578N,00433.0457,21.81,1018.06,66.83
15/9/2020,20:37:59,5112.7788N,00433.0422,21.55,1018.06,68.33
15/9/2020,20:38:9,5112.8013N,00433.0401,21.40,1018.08,68.75
15/9/2020,20:38:19,5112.8262N,00433.0321,21.29,1018.09,69.38
15/9/2020,20:38:29,5112.8501N,00433.0303,21.22,1018.10,70.94
15/9/2020,20:38:39,5112.8682N,00433.0299,21.21,1018.10,71.97
15/9/2020,20:38:49,5112.8887N,00433.0269,21.16,1018.09,71.87
15/9/2020,20:38:59,5112.9131N,00433.0220,21.09,1018.11,71.82
15/9/2020,20:39:9,5112.9395N,00433.0159,20.99,1018.14,73.85
15/9/2020,20:39:19,5112.9639N,00433.0126,20.85,1018.14,73.23
15/9/2020,20:39:29,5112.9858N,00433.0108,20.77,1018.14,72.19
15/9/2020,20:39:39,5113.0073N,00433.0102,20.70,1018.18,72.28
15/9/2020,20:39:49,5113.0234N,00432.9869,20.61,1018.20,72.91
15/9/2020,20:39:59,5113.0283N,00432.9539,20.49,1018.18,73.25
15/9/2020,20:40:9,5113.0371N,00432.9159,20.35,1018.18,73.91
15/9/2020,20:40:19,5113.0425N,00432.8788,20.27,1018.18,74.60
15/9/2020,20:40:29,5113.0449N,00432.8444,20.26,1018.19,75.36
15/9/2020,20:40:39,5113.0493N,00432.8078,20.32,1018.20,75.37
15/9/2020,20:40:49,5113.0513N,00432.7713,20.42,1018.20,75.22
15/9/2020,20:40:59,5113.0601N,00432.7402,20.49,1018.20,74.99
15/9/2020,20:41:9,5113.0732N,00432.7131,20.57,1018.22,74.94
15/9/2020,20:41:19,5113.0864N,00432.6960,20.61,1018.22,74.70
15/9/2020,20:41:29,5113.0908N,00432.6661,20.65,1018.24,74.70
15/9/2020,20:41:39,5113.0986N,00432.6416,20.65,1018.26,74.82
15/9/2020,20:41:49,5113.0981N,00432.6120,20.63,1018.25,74.83
15/9/2020,20:41:59,5113.1011N,00432.5845,20.58,1018.27,76.57
15/9/2020,20:42:9,5113.1016N,00432.5531,20.52,1018.28,76.91
15/9/2020,20:42:19,5113.1025N,00432.5246,20.49,1018.26,76.50
15/9/2020,20:42:29,5113.1030N,00432.4865,20.46,1018.26,75.94
15/9/2020,20:42:39,5113.1035N,00432.4539,20.40,1018.29,75.74
15/9/2020,20:42:49,5113.1016N,00432.4130,20.29,1018.28,76.37
15/9/2020,20:42:59,5113.1001N,00432.3773,20.14,1018.28,76.63
15/9/2020,20:43:9,5113.1016N,00432.3443,20.01,1018.30,76.78
15/9/2020,20:43:19,5113.1016N,00432.3141,19.91,1018.30,76.45
15/9/2020,20:43:29,5113.0967N,00432.2706,19.94,1018.29,76.49
15/9/2020,20:43:39,5113.0771N,00432.2225,19.97,1018.29,76.41
15/9/2020,20:43:49,5113.0508N,00432.1837,19.93,1018.32,76.77
15/9/2020,20:43:59,5113.0288N,00432.1609,19.90,1018.35,76.93
15/9/2020,20:44:9,5113.0103N,00432.1367,19.71,1018.35,77.18
15/9/2020,20:44:19,5112.9990N,00432.1176,19.50,1018.32,77.56
15/9/2020,20:44:29,5112.9829N,00432.0966,19.45,1018.35,78.35
15/9/2020,20:44:39,5112.9697N,00432.0744,19.54,1018.36,79.84
15/9/2020,20:44:49,5112.9556N,00432.0425,19.66,1018.32,80.26
15/9/2020,20:44:59,5112.9473N,00432.0106,19.80,1018.30,79.48
15/9/2020,20:45:9,5112.9346N,00431.9640,19.92,1018.29,77.94
15/9/2020,20:45:19,5112.9268N,00431.9252,20.03,1018.26,77.18
15/9/2020,20:45:29,5112.9199N,00431.8882,20.15,1018.24,75.86
15/9/2020,20:45:39,5112.9116N,00431.8512,20.38,1018.25,73.69
15/9/2020,20:45:49,5112.9072N,00431.8189,20.47,1018.25,74.07
15/9/2020,20:45:59,5112.8994N,00431.7853,20.64,1018.24,72.32
15/9/2020,20:46:9,5112.8916N,00431.7473,20.77,1018.22,71.89
15/9/2020,20:46:19,5112.8813N,00431.7079,20.74,1018.24,72.63
15/9/2020,20:46:29,5112.8765N,00431.6760,20.66,1018.25,74.37
15/9/2020,20:46:39,5112.8945N,00431.6622,20.64,1018.27,74.05
15/9/2020,20:46:49,5112.9185N,00431.6567,20.60,1018.28,74.33
15/9/2020,20:46:59,5112.9424N,00431.6472,20.50,1018.31,75.86
15/9/2020,20:47:9,5112.9668N,00431.6382,20.38,1018.34,76.28
15/9/2020,20:47:19,5112.9907N,00431.6299,20.25,1018.34,76.37
15/9/2020,20:47:29,5113.0137N,00431.6209,20.14,1018.36,76.74
15/9/2020,20:47:39,5113.0371N,00431.6123,20.01,1018.39,77.88
15/9/2020,20:47:49,5113.0610N,00431.6028,19.93,1018.39,79.49
15/9/2020,20:47:59,5113.0859N,00431.5974,19.77,1018.43,80.44
15/9/2020,20:48:9,5113.1128N,00431.5904,19.67,1018.45,80.73
15/9/2020,20:48:19,5113.1372N,00431.5816,19.69,1018.46,80.50
15/9/2020,20:48:29,5113.1602N,00431.5707,19.75,1018.44,80.12
15/9/2020,20:48:39,5113.1831N,00431.5638,19.78,1018.44,79.94
15/9/2020,20:48:49,5113.2061N,00431.5555,19.85,1018.44,79.43
15/9/2020,20:48:59,5113.2300N,00431.5465,19.89,1018.44,79.10
15/9/2020,20:49:9,5113.2539N,00431.5369,19.99,1018.41,78.78
15/9/2020,20:49:19,5113.2754N,00431.5230,20.12,1018.41,78.73
15/9/2020,20:49:29,5113.2988N,00431.5060,20.24,1018.39,79.02
15/9/2020,20:49:39,5113.3140N,00431.4859,20.34,1018.41,77.64
15/9/2020,20:49:49,5113.3374N,00431.4616,20.43,1018.46,77.15
15/9/2020,20:49:59,5113.3550N,00431.4372,20.45,1018.47,77.17
15/9/2020,20:50:9,5113.3750N,00431.4103,20.44,1018.48,77.31
15/9/2020,20:50:19,5113.3931N,00431.3867,20.36,1018.46,77.86
15/9/2020,20:50:29,5113.4106N,00431.3655,20.31,1018.44,77.87
15/9/2020,20:50:39,5113.4307N,00431.3433,20.30,1018.45,77.71
15/9/2020,20:50:49,5113.4492N,00431.3213,20.42,1018.46,75.90
15/9/2020,20:50:59,5113.4717N,00431.3107,20.66,1018.42,73.93
15/9/2020,20:51:9,5113.4927N,00431.3021,20.99,1018.39,70.65
15/9/2020,20:51:19,5113.5146N,00431.3116,21.25,1018.36,68.84
15/9/2020,20:51:29,5113.5215N,00431.3433,21.52,1018.33,67.87
15/9/2020,20:51:39,5113.5317N,00431.3744,21.83,1018.32,66.21
15/9/2020,20:51:49,5113.5464N,00431.4026,22.11,1018.30,65.03
15/9/2020,20:51:59,5113.5737N,00431.4150,22.37,1018.28,64.02
15/9/2020,20:52:9,5113.6025N,00431.4212,22.59,1018.24,63.22
15/9/2020,20:52:19,5113.6108N,00431.4161,22.77,1018.22,62.54
15/9/2020,20:52:29,5113.6357N,00431.4029,22.89,1018.21,62.01
15/9/2020,20:52:39,5113.6475N,00431.3954,23.05,1018.16,61.54
15/9/2020,20:52:49,5113.6616N,00431.4174,23.16,1018.15,61.11
15/9/2020,20:52:59,5113.6763N,00431.4482,23.26,1018.13,60.60
15/9/2020,20:53:9,5113.6934N,00431.4821,23.35,1018.14,60.11
15/9/2020,20:53:19,5113.6982N,00431.5210,23.41,1018.18,59.97
15/9/2020,20:53:29,5113.6914N,00431.5715,23.42,1018.21,60.19
15/9/2020,20:53:39,5113.6982N,00431.6109,23.39,1018.21,60.39
15/9/2020,20:53:49,5113.7061N,00431.6444,23.37,1018.25,60.88
15/9/2020,20:53:59,5113.7139N,00431.6796,23.40,1018.29,60.33
15/9/2020,20:54:9,5113.7153N,00431.7165,23.43,1018.31,60.22
15/9/2020,20:54:19,5113.7114N,00431.7537,23.44,1018.32,60.40
15/9/2020,20:54:29,5113.7100N,00431.7944,23.37,1018.35,61.72
15/9/2020,20:54:39,5113.7056N,00431.8289,23.22,1018.35,64.93
15/9/2020,20:54:49,5113.6860N,00431.8589,23.07,1018.21,67.13
15/9/2020,20:54:59,5113.6812N,00431.8798,22.98,1018.04,67.09
15/9/2020,20:55:9,5113.6724N,00431.9043,22.90,1017.82,67.37
15/9/2020,20:55:19,5113.6641N,00431.9308,22.83,1017.60,67.68
15/9/2020,20:55:29,5113.6621N,00431.9628,22.82,1017.41,64.84
15/9/2020,20:55:39,5113.6670N,00431.9962,22.87,1017.30,62.66
15/9/2020,20:55:49,5113.6738N,00432.0327,22.91,1017.28,62.33
15/9/2020,20:55:59,5113.6909N,00432.0639,22.96,1017.37,62.42
15/9/2020,20:56:9,5113.7095N,00432.0836,23.01,1017.55,61.95
15/9/2020,20:56:19,5113.7104N,00432.0836,22.99,1017.65,62.42
15/9/2020,20:56:29,5113.7197N,00432.0766,22.95,1017.69,62.63
15/9/2020,20:56:39,5113.7363N,00432.0525,22.83,1017.79,63.81
15/9/2020,20:56:49,5113.7417N,00432.0320,22.68,1017.95,64.57
15/9/2020,20:56:59,5113.7461N,00432.0117,22.51,1018.13,65.90
15/9/2020,20:57:9,5113.7632N,00431.9823,22.35,1018.27,66.28
15/9/2020,20:57:19,5113.7808N,00431.9376,22.21,1018.38,66.66
15/9/2020,20:57:29,5113.7734N,00431.9019,22.05,1018.44,67.10
15/9/2020,20:57:39,5113.7666N,00431.8737,21.93,1018.46,67.31
15/9/2020,20:57:49,5113.7710N,00431.8407,21.78,1018.45,67.72
15/9/2020,20:57:59,5113.7749N,00431.8034,21.62,1018.45,68.26
15/9/2020,20:58:9,5113.7881N,00431.7711,21.49,1018.43,68.52
15/9/2020,20:58:19,5113.7998N,00431.7354,21.43,1018.46,68.75
15/9/2020,20:58:29,5113.8096N,00431.7017,21.40,1018.49,69.11
15/9/2020,20:58:39,5113.8223N,00431.6797,21.39,1018.50,69.45
15/9/2020,20:58:49,5113.8325N,00431.6480,21.34,1018.51,69.83
15/9/2020,20:58:59,5113.8379N,00431.6150,21.24,1018.55,69.85
15/9/2020,20:59:9,5113.8457N,00431.5800,21.17,1018.54,69.92
15/9/2020,20:59:19,5113.8540N,00431.5447,21.09,1018.53,71.02
15/9/2020,20:59:29,5113.8643N,00431.5112,21.06,1018.53,71.32
15/9/2020,20:59:39,5113.8721N,00431.4786,21.06,1018.54,70.95
15/9/2020,20:59:49,5113.8813N,00431.4441,21.07,1018.54,71.07
15/9/2020,20:59:59,5113.8921N,00431.4104,21.06,1018.53,71.37
15/9/2020,21:0:9,5113.9028N,00431.3750,21.03,1018.53,71.05
15/9/2020,21:0:19,5113.9111N,00431.3394,21.11,1018.52,70.75
15/9/2020,21:0:29,5113.9224N,00431.3037,21.16,1018.52,70.76
15/9/2020,21:0:39,5113.9336N,00431.2689,21.15,1018.52,70.88
15/9/2020,21:0:49,5113.9468N,00431.2340,21.14,1018.52,70.62
15/9/2020,21:0:59,5113.9575N,00431.1975,21.20,1018.52,70.27
15/9/2020,21:1:9,5113.9658N,00431.1599,21.24,1018.53,70.39
15/9/2020,21:1:19,5113.9727N,00431.1241,21.25,1018.54,71.32
15/9/2020,21:1:29,5113.9805N,00431.0847,21.28,1018.53,71.90
15/9/2020,21:1:39,5113.9922N,00431.0447,21.32,1018.53,72.27
15/9/2020,21:1:49,5114.0010N,00431.0107,21.33,1018.51,72.22
15/9/2020,21:1:59,5114.0122N,00430.9749,21.26,1018.53,72.60
15/9/2020,21:2:9,5114.0200N,00430.9383,21.20,1018.55,73.14
15/9/2020,21:2:19,5114.0322N,00430.9037,21.16,1018.56,72.62
15/9/2020,21:2:29,5114.0459N,00430.8668,21.11,1018.57,72.68
15/9/2020,21:2:39,5114.0571N,00430.8295,21.06,1018.56,73.10
15/9/2020,21:2:49,5114.0674N,00430.7937,21.01,1018.56,73.41
15/9/2020,21:2:59,5114.0796N,00430.7580,20.98,1018.57,72.84
15/9/2020,21:3:9,5114.0903N,00430.7226,20.93,1018.56,73.16
15/9/2020,21:3:19,5114.1001N,00430.6882,20.92,1018.58,74.24
15/9/2020,21:3:29,5114.1084N,00430.6532,20.90,1018.59,74.59
15/9/2020,21:3:39,5114.1167N,00430.6193,20.82,1018.59,74.53
15/9/2020,21:3:49,5114.1260N,00430.5851,20.79,1018.58,73.38
15/9/2020,21:3:59,5114.1348N,00430.5501,20.85,1018.59,71.95
15/9/2020,21:4:9,5114.1436N,00430.5134,20.92,1018.60,71.73
15/9/2020,21:4:19,5114.1504N,00430.4803,20.86,1018.60,72.24
15/9/2020,21:4:29,5114.1611N,00430.4457,20.80,1018.59,71.64
15/9/2020,21:4:39,5114.1694N,00430.4102,20.80,1018.59,71.59
15/9/2020,21:4:49,5114.1763N,00430.3747,20.77,1018.57,71.68
15/9/2020,21:4:59,5114.1821N,00430.3407,20.74,1018.58,71.83
15/9/2020,21:5:9,5114.1904N,00430.3031,20.70,1018.60,71.53
15/9/2020,21:5:19,5114.1948N,00430.2671,20.70,1018.58,71.25
15/9/2020,21:5:29,5114.2012N,00430.2317,20.80,1018.57,70.76
15/9/2020,21:5:39,5114.2070N,00430.1947,20.96,1018.59,70.10
15/9/2020,21:5:49,5114.2134N,00430.1556,21.06,1018.59,69.91
15/9/2020,21:5:59,5114.2212N,00430.1209,21.10,1018.59,69.82
15/9/2020,21:6:9,5114.2393N,00430.1001,21.23,1018.60,70.24
15/9/2020,21:6:19,5114.2637N,00430.1062,21.34,1018.58,70.16
15/9/2020,21:6:29,5114.2876N,00430.1180,21.36,1018.59,70.01
15/9/2020,21:6:39,5114.3115N,00430.1282,21.36,1018.55,69.59
15/9/2020,21:6:49,5114.3325N,00430.1413,21.42,1018.40,69.20
15/9/2020,21:6:59,5114.3560N,00430.1546,21.51,1018.27,69.05
15/9/2020,21:7:9,5114.3740N,00430.1398,21.63,1018.14,69.23
15/9/2020,21:7:19,5114.3765N,00430.1078,21.74,1018.14,67.76
15/9/2020,21:7:29,5114.3550N,00430.0963,21.78,1018.28,67.25
15/9/2020,21:7:39,5114.3301N,00430.0838,21.81,1018.43,67.69
15/9/2020,21:7:49,5114.3042N,00430.0715,21.77,1018.59,68.51
15/9/2020,21:7:59,5114.2827N,00430.0534,21.69,1018.63,68.16
15/9/2020,21:8:9,5114.2617N,00430.0396,21.73,1018.63,68.36
15/9/2020,21:8:19,5114.2573N,00430.0128,21.78,1018.63,68.26
15/9/2020,21:8:29,5114.2661N,00429.9782,21.92,1018.63,66.84
15/9/2020,21:8:39,5114.2759N,00429.9293,22.06,1018.62,66.30
15/9/2020,21:8:49,5114.2837N,00429.8881,22.15,1018.60,65.98
15/9/2020,21:8:59,5114.2915N,00429.8444,22.28,1018.63,65.43
15/9/2020,21:9:9,5114.3022N,00429.8021,22.29,1018.63,65.64
15/9/2020,21:9:19,5114.3105N,00429.7616,22.29,1018.63,65.62
15/9/2020,21:9:29,5114.3193N,00429.7215,22.31,1018.65,65.61
15/9/2020,21:9:39,5114.3291N,00429.6857,22.36,1018.64,65.39
15/9/2020,21:9:49,5114.3389N,00429.6485,22.44,1018.66,65.06
15/9/2020,21:9:59,5114.3472N,00429.6097,22.50,1018.66,64.99
15/9/2020,21:10:9,5114.3545N,00429.5729,22.49,1018.66,65.12
15/9/2020,21:10:19,5114.3604N,00429.5398,22.49,1018.66,65.22
15/9/2020,21:10:29,5114.3638N,00429.5127,22.47,1018.70,66.06
15/9/2020,21:10:39,5114.3823N,00429.5229,22.41,1018.65,66.49
15/9/2020,21:10:49,5114.4058N,00429.5248,22.28,1018.60,67.30
15/9/2020,21:10:59,5114.4287N,00429.5300,22.11,1018.58,68.04
15/9/2020,21:11:9,5114.4463N,00429.5508,21.92,1018.57,68.98
15/9/2020,21:11:19,5114.4585N,00429.5782,21.79,1018.56,68.75
15/9/2020,21:11:29,5114.4609N,00429.5508,21.71,1018.44,68.88
15/9/2020,21:11:39,5114.4517N,00429.5254,21.58,1018.30,70.23
15/9/2020,21:11:49,5114.4341N,00429.5042,21.47,1018.15,70.90
15/9/2020,21:11:59,5114.4106N,00429.4879,21.40,1018.01,70.49
15/9/2020,21:12:9,5114.3853N,00429.4780,21.43,1017.86,69.65
15/9/2020,21:12:19,5114.3638N,00429.4661,21.61,1017.78,68.70
15/9/2020,21:12:29,5114.3389N,00429.4549,21.80,1017.79,68.01
15/9/2020,21:12:39,5114.3145N,00429.4436,21.94,1017.86,67.84
15/9/2020,21:12:49,5114.2910N,00429.4335,22.04,1018.02,67.27
15/9/2020,21:12:59,5114.2656N,00429.4236,22.15,1018.15,66.67
15/9/2020,21:13:9,5114.2402N,00429.4202,22.26,1018.31,66.22
15/9/2020,21:13:19,5114.2173N,00429.4272,22.37,1018.47,65.81
15/9/2020,21:13:29,5114.1948N,00429.4394,22.49,1018.56,65.53
15/9/2020,21:13:39,5114.1748N,00429.4427,22.56,1018.60,65.32
15/9/2020,21:13:49,5114.1572N,00429.4317,22.59,1018.57,64.97
15/9/2020,21:13:59,5114.1587N,00429.3924,22.61,1018.59,64.79
15/9/2020,21:14:9,5114.1714N,00429.3439,22.66,1018.58,64.64
15/9/2020,21:14:19,5114.1782N,00429.3018,22.68,1018.58,64.71
15/9/2020,21:14:29,5114.1812N,00429.2637,22.60,1018.59,65.06
15/9/2020,21:14:39,5114.1816N,00429.2263,22.58,1018.60,64.97
15/9/2020,21:14:49,5114.1792N,00429.1832,22.60,1018.61,64.88
15/9/2020,21:14:59,5114.1782N,00429.1508,22.57,1018.63,65.07
15/9/2020,21:15:9,5114.1782N,00429.1119,22.57,1018.64,65.64
15/9/2020,21:15:19,5114.1772N,00429.0720,22.62,1018.66,65.25
15/9/2020,21:15:29,5114.1777N,00429.0323,22.53,1018.66,65.20
15/9/2020,21:15:39,5114.1787N,00428.9919,22.37,1018.66,65.37
15/9/2020,21:15:49,5114.1782N,00428.9507,22.42,1018.69,65.40
15/9/2020,21:15:59,5114.1768N,00428.9118,22.53,1018.71,65.23
15/9/2020,21:16:9,5114.1787N,00428.8741,22.59,1018.70,64.96
15/9/2020,21:16:19,5114.1797N,00428.8353,22.64,1018.73,65.47
15/9/2020,21:16:29,5114.1821N,00428.7920,22.69,1018.72,65.23
15/9/2020,21:16:39,5114.1807N,00428.7499,22.84,1018.69,64.50
15/9/2020,21:16:49,5114.1802N,00428.7098,23.02,1018.69,63.89
15/9/2020,21:16:59,5114.1753N,00428.6661,23.12,1018.69,63.58
15/9/2020,21:17:9,5114.1685N,00428.6300,23.15,1018.71,63.63
15/9/2020,21:17:19,5114.1626N,00428.5909,23.19,1018.75,63.33
15/9/2020,21:17:29,5114.1567N,00428.5528,23.32,1018.74,62.76
15/9/2020,21:17:39,5114.1489N,00428.5165,23.29,1018.74,63.22
15/9/2020,21:17:49,5114.1426N,00428.4810,23.19,1018.72,63.89
15/9/2020,21:17:59,5114.1338N,00428.4428,23.19,1018.71,63.91
15/9/2020,21:18:9,5114.1211N,00428.4110,23.23,1018.70,63.43
15/9/2020,21:18:19,5114.1084N,00428.4175,23.26,1018.69,62.96
15/9/2020,21:18:29,5114.0898N,00428.4051,23.33,1018.67,62.43
15/9/2020,21:18:39,5114.0728N,00428.3701,23.36,1018.67,62.85
15/9/2020,21:18:49,5114.0581N,00428.3412,23.38,1018.68,62.45
15/9/2020,21:18:59,5114.0425N,00428.3088,23.46,1018.69,62.04
15/9/2020,21:19:9,5114.0229N,00428.2778,23.53,1018.66,61.87
15/9/2020,21:19:19,5114.0083N,00428.2431,23.61,1018.62,61.26
15/9/2020,21:19:29,5114.0000N,00428.2093,23.71,1018.64,60.73
15/9/2020,21:19:39,5113.9888N,00428.1807,23.77,1018.64,60.48
15/9/2020,21:19:49,5113.9712N,00428.1500,23.83,1018.65,60.23
15/9/2020,21:19:59,5113.9556N,00428.1172,23.88,1018.68,60.14
15/9/2020,21:20:9,5113.9395N,00428.0865,23.93,1018.65,59.77
15/9/2020,21:20:19,5113.9248N,00428.0580,24.00,1018.67,59.38
15/9/2020,21:20:29,5113.9146N,00428.0305,24.07,1018.63,59.13
15/9/2020,21:20:39,5113.8921N,00428.0347,24.13,1018.62,58.89
15/9/2020,21:20:49,5113.8662N,00428.0376,24.14,1018.62,58.89
15/9/2020,21:20:59,5113.8413N,00428.0408,24.03,1018.63,59.08
15/9/2020,21:21:9,5113.8174N,00428.0483,24.03,1018.62,59.22
15/9/2020,21:21:19,5113.7920N,00428.0563,24.03,1018.63,59.30
15/9/2020,21:21:29,5113.7656N,00428.0645,24.03,1018.63,59.12
15/9/2020,21:21:39,5113.7412N,00428.0523,24.00,1018.64,59.05
15/9/2020,21:21:49,5113.7168N,00428.0394,24.03,1018.65,58.82
15/9/2020,21:21:59,5113.6948N,00428.0248,24.10,1018.64,58.65
15/9/2020,21:22:9,5113.6738N,00428.0085,24.12,1018.62,58.52
15/9/2020,21:22:19,5113.6572N,00427.9915,24.09,1018.60,58.53
15/9/2020,21:22:29,5113.6514N,00427.9845,24.09,1018.62,58.59
15/9/2020,21:22:39,5113.6504N,00427.9852,24.08,1018.63,58.61
15/9/2020,21:22:49,5113.6372N,00427.9840,24.09,1018.59,58.41
15/9/2020,21:22:59,5113.6133N,00427.9908,24.15,1018.58,58.02
15/9/2020,21:23:9,5113.5884N,00427.9838,24.25,1018.58,57.67
15/9/2020,21:23:19,5113.5620N,00427.9773,24.33,1018.57,57.28
15/9/2020,21:23:29,5113.5352N,00427.9664,24.40,1018.57,56.93
15/9/2020,21:23:39,5113.5083N,00427.9529,24.47,1018.60,56.57
15/9/2020,21:23:49,5113.4839N,00427.9315,24.52,1018.58,56.41
15/9/2020,21:23:59,5113.4639N,00427.9108,24.55,1018.58,56.70
15/9/2020,21:24:9,5113.4644N,00427.9131,24.55,1018.61,56.87
15/9/2020,21:24:19,5113.4644N,00427.9133,24.53,1018.58,57.45
