date(d/m/y),time(h:m:s),latitude(DDMM.MMMM),longitude(DDDMM.MMMM,temperature,pressure(hPa),humidity(%)
6/9/2021,19:24:40,5101.6870N,343.5009,21.41,1023.78,62.14
6/9/2021,19:24:49,5101.6851N,343.5305,21.41,1023.81,62.21
6/9/2021,19:24:59,5101.6836N,343.5641,21.43,1023.81,62.22
6/9/2021,19:25:9,5101.6733N,343.5847,21.46,1023.81,62.23
6/9/2021,19:25:19,5101.6592N,343.6085,21.47,1023.77,62.23
6/9/2021,19:25:29,5101.6421N,343.6275,21.46,1023.73,61.99
6/9/2021,19:25:39,5101.6250N,343.6492,21.47,1023.72,61.35
6/9/2021,19:25:49,5101.6104N,343.6731,21.51,1023.7,60.6
6/9/2021,19:25:59,5101.5898N,343.6967,21.55,1023.67,60.29
6/9/2021,19:26:9,5101.5688N,343.7156,21.61,1023.64,59.97
6/9/2021,19:26:19,5101.5518N,343.7215,21.66,1023.61,60.16
6/9/2021,19:26:29,5101.5356N,343.7319,21.68,1023.57,60.5
6/9/2021,19:26:39,5101.5273N,343.7528,21.67,1023.6,61.04
6/9/2021,19:26:49,5101.5078N,343.7734,21.61,1023.71,62.05
6/9/2021,19:26:59,5101.4888N,343.7906,21.55,1023.8,62.14
6/9/2021,19:27:9,5101.4648N,343.8097,21.46,1023.82,63.24
6/9/2021,19:27:19,5101.4458N,343.8298,21.35,1023.85,63.9
6/9/2021,19:27:29,5101.4297N,343.8479,21.29,1023.77,64.07
6/9/2021,19:27:39,5101.4058N,343.8627,21.24,1023.69,63.96
6/9/2021,19:27:49,5101.3857N,343.8826,21.21,1023.64,63.5
6/9/2021,19:27:59,5101.3687N,343.9067,21.18,1023.54,63.75
6/9/2021,19:28:9,5101.3560N,343.9293,21.17,1023.4,63.73
6/9/2021,19:28:19,5101.3433N,343.9519,21.17,1023.19,63.66
6/9/2021,19:28:29,5101.3306N,343.9745,21.16,1023.01,63.77
6/9/2021,19:28:39,5101.3159N,343.9985,21.18,1022.87,63.4
6/9/2021,19:28:49,5101.3008N,344.0236,21.23,1022.8,62.43
6/9/2021,19:28:59,5101.2827N,344.0523,21.31,1022.8,62.1
6/9/2021,19:29:9,5101.2617N,344.0861,21.37,1022.92,62.4
6/9/2021,19:29:19,5101.2427N,344.1141,21.38,1023.17,62.8
6/9/2021,19:29:29,5101.2266N,344.1404,21.37,1023.44,63.35
6/9/2021,19:29:39,5101.2104N,344.1653,21.35,1023.65,63.32
6/9/2021,19:29:49,5101.1948N,344.1857,21.33,1023.75,63.11
6/9/2021,19:29:59,5101.1772N,344.2046,21.33,1023.82,63.17
6/9/2021,19:30:9,5101.1587N,344.2229,21.31,1023.81,63.5
6/9/2021,19:30:19,5101.1353N,344.2375,21.3,1023.82,63.57
6/9/2021,19:30:29,5101.1118N,344.2482,21.33,1023.85,63.35
6/9/2021,19:30:39,5101.0918N,344.2658,21.36,1023.85,62.9
6/9/2021,19:30:49,5101.0747N,344.2761,21.42,1023.86,62.62
6/9/2021,19:30:59,5101.0513N,344.2835,21.48,1023.85,62.43
6/9/2021,19:31:9,5101.0303N,344.2841,21.52,1023.88,62.33
6/9/2021,19:31:19,5100.9990N,344.2697,21.54,1023.87,62.4
6/9/2021,19:31:29,5100.9800N,344.247,21.53,1023.86,62.58
6/9/2021,19:31:39,5100.9624N,344.2186,21.54,1023.88,62.4
6/9/2021,19:31:49,5100.9355N,344.2017,21.6,1023.89,62.19
6/9/2021,19:31:59,5100.9175N,344.1728,21.65,1023.91,61.73
6/9/2021,19:32:9,5100.8994N,344.1453,21.7,1023.92,61.46
6/9/2021,19:32:19,5100.8838N,344.124,21.72,1023.79,61.33
6/9/2021,19:32:29,5100.8706N,344.0945,21.74,1023.74,61.15
6/9/2021,19:32:39,5100.8594N,344.0534,21.73,1024.02,61.81
6/9/2021,19:32:49,5100.8491N,344.0388,21.66,1024.07,65.41
6/9/2021,19:32:59,5100.8315N,344.0383,21.5,1024.03,66.62
6/9/2021,19:33:9,5100.8096N,344.0306,21.28,1024.02,68.33
6/9/2021,19:33:19,5100.7930N,344.0565,21.14,1023.92,71.71
6/9/2021,19:33:29,5100.8081N,344.0741,20.98,1023.83,72.14
6/9/2021,19:33:39,5100.8267N,344.0787,20.87,1023.66,70.39
6/9/2021,19:33:49,5100.8198N,344.0596,20.84,1023.49,67.33
6/9/2021,19:33:59,5100.8052N,344.0485,20.84,1023.31,68.27
6/9/2021,19:34:9,5100.7896N,344.0386,20.85,1023.12,67.11
6/9/2021,19:34:19,5100.7759N,344.0258,20.91,1022.98,64.17
6/9/2021,19:34:29,5100.7568N,344.0121,20.98,1022.98,64.15
6/9/2021,19:34:39,5100.7354N,343.9969,21.01,1023.12,66.51
6/9/2021,19:34:49,5100.7080N,343.9949,20.99,1023.37,68.13
6/9/2021,19:34:59,5100.6860N,344.0051,20.95,1023.62,68.77
6/9/2021,19:35:9,5100.6694N,344.0295,20.9,1023.77,68.48
6/9/2021,19:35:19,5100.6538N,344.0521,20.82,1023.86,68.98
6/9/2021,19:35:29,5100.6348N,344.0614,20.76,1023.88,69.93
6/9/2021,19:35:39,5100.6206N,344.063,20.68,1023.89,71.83
6/9/2021,19:35:50,5100.5972N,344.0498,20.61,1023.89,72.8
6/9/2021,19:36:0,5100.5757N,344.0343,20.56,1023.91,73.11
6/9/2021,19:36:10,5100.5552N,344.0222,20.51,1023.92,73.83
6/9/2021,19:36:19,5100.5361N,344.007,20.47,1023.93,74.08
6/9/2021,19:36:29,5100.5166N,343.9897,20.43,1023.91,73.66
6/9/2021,19:36:39,5100.4966N,343.9674,20.33,1023.9,74.16
6/9/2021,19:36:49,5100.4780N,343.9468,20.24,1023.9,75.5
6/9/2021,19:36:59,5100.4609N,343.925,20.16,1023.91,74.68
6/9/2021,19:37:9,5100.4434N,343.9022,20.12,1023.9,74.88
6/9/2021,19:37:19,5100.4263N,343.8799,20.09,1023.9,77.32
6/9/2021,19:37:29,5100.4150N,343.8622,20.06,1023.93,78.88
6/9/2021,19:37:39,5100.3999N,343.8396,20.03,1023.93,79.75
6/9/2021,19:37:49,5100.3853N,343.8171,20.01,1023.92,80.18
6/9/2021,19:37:59,5100.3701N,343.7935,20,1023.93,80.25
6/9/2021,19:38:9,5100.3555N,343.7708,19.98,1023.95,79.1
6/9/2021,19:38:19,5100.3408N,343.7473,19.96,1023.94,78.41
6/9/2021,19:38:29,5100.3232N,343.7235,19.93,1023.92,78.53
6/9/2021,19:38:39,5100.3081N,343.7006,19.87,1023.96,79.07
6/9/2021,19:38:49,5100.2954N,343.6831,19.83,1023.98,79.59
6/9/2021,19:38:59,5100.2886N,343.6575,19.8,1023.97,79.43
6/9/2021,19:39:9,5100.2861N,343.6283,19.76,1023.97,79.58
6/9/2021,19:39:19,5100.2827N,343.5929,19.73,1023.99,80.45
6/9/2021,19:39:29,5100.2729N,343.5638,19.64,1024.03,80.82
6/9/2021,19:39:39,5100.2627N,343.5365,19.56,1024.02,80.59
6/9/2021,19:39:49,5100.2505N,343.5096,19.45,1024.01,79.51
6/9/2021,19:39:59,5100.2393N,343.4913,19.4,1024.02,79.64
6/9/2021,19:40:9,5100.2227N,343.5067,19.34,1024,79.88
6/9/2021,19:40:19,5100.2061N,343.53,19.27,1024.01,81.02
6/9/2021,19:40:29,5100.1929N,343.5303,19.2,1024.02,81.6
6/9/2021,19:40:39,5100.1763N,343.4998,19.13,1024.02,82.64
6/9/2021,19:40:49,5100.1582N,343.4752,19.05,1024.01,82.67
6/9/2021,19:40:59,5100.1416N,343.4565,18.97,1024.02,82.32
6/9/2021,19:41:9,5100.1211N,343.4371,18.88,1024.02,82.1
6/9/2021,19:41:19,5100.1040N,343.4181,18.81,1024.02,81.7
6/9/2021,19:41:29,5100.0811N,343.3994,18.75,1024.03,81.72
6/9/2021,19:41:39,5100.0620N,343.3814,18.69,1024.02,82.31
6/9/2021,19:41:49,5100.0410N,343.3669,18.66,1024.01,83.12
6/9/2021,19:41:59,5100.0186N,343.3556,18.6,1024,83.44
6/9/2021,19:42:9,5059.9976N,343.3446,18.54,1024.01,82.91
6/9/2021,19:42:19,5059.9780N,343.3332,18.52,1024.02,82.68
6/9/2021,19:42:29,5059.9575N,343.328,18.5,1024.02,82.73
6/9/2021,19:42:39,5059.9370N,343.3239,18.5,1024.02,83.17
6/9/2021,19:42:49,5059.9131N,343.3215,18.5,1024,84.01
6/9/2021,19:42:59,5059.8882N,343.3199,18.47,1024,84.65
6/9/2021,19:43:9,5059.8623N,343.3221,18.43,1024.02,85.07
6/9/2021,19:43:19,5059.8364N,343.3275,18.37,1023.99,85.19
6/9/2021,19:43:29,5059.8091N,343.332,18.3,1024.03,85.08
6/9/2021,19:43:39,5059.7881N,343.3365,18.23,1024.05,84.44
6/9/2021,19:43:49,5059.7681N,343.3448,18.19,1024.09,84.78
6/9/2021,19:43:59,5059.7490N,343.3496,18.17,1024.08,86
6/9/2021,19:44:9,5059.7256N,343.3558,18.13,1024.07,86.7
6/9/2021,19:44:19,5059.7036N,343.3622,18.11,1024.07,87.45
6/9/2021,19:44:29,5059.6807N,343.3682,18.09,1024.08,88.37
6/9/2021,19:44:39,5059.6567N,343.3745,18.03,1024.06,88.41
6/9/2021,19:44:49,5059.6328N,343.3759,17.98,1024.07,88.04
6/9/2021,19:44:59,5059.6079N,343.3749,17.93,1024.05,87.72
6/9/2021,19:45:9,5059.5850N,343.3731,17.84,1024.05,87.05
6/9/2021,19:45:19,5059.5630N,343.368,17.79,1024.06,87.83
6/9/2021,19:45:29,5059.5400N,343.3604,17.77,1024.05,88.29
6/9/2021,19:45:39,5059.5171N,343.3493,17.78,1024.07,88.65
6/9/2021,19:45:49,5059.4937N,343.3385,17.73,1024.08,88.39
6/9/2021,19:46:0,5059.4717N,343.3257,17.67,1024.06,87.75
6/9/2021,19:46:10,5059.4521N,343.3128,17.66,1024.06,87.48
6/9/2021,19:46:20,5059.4316N,343.2964,17.64,1024.08,87.28
6/9/2021,19:46:29,5059.4146N,343.2828,17.63,1024.1,87.25
6/9/2021,19:46:39,5059.3975N,343.267,17.62,1024.08,87.34
6/9/2021,19:46:49,5059.3809N,343.2506,17.6,1024.08,87.39
6/9/2021,19:46:59,5059.3613N,343.2333,17.59,1024.11,87.49
6/9/2021,19:47:9,5059.3423N,343.2168,17.58,1024.1,87.72
6/9/2021,19:47:19,5059.3247N,343.2001,17.56,1024.08,87.88
6/9/2021,19:47:29,5059.3057N,343.1839,17.52,1024.08,87.81
6/9/2021,19:47:39,5059.2881N,343.1667,17.5,1024.1,88.04
6/9/2021,19:47:49,5059.2705N,343.1486,17.49,1024.11,88.71
6/9/2021,19:47:59,5059.2554N,343.1328,17.51,1024.11,89.43
6/9/2021,19:48:9,5059.2358N,343.1187,17.51,1024.1,89.35
6/9/2021,19:48:19,5059.2173N,343.1012,17.53,1024.12,89.54
6/9/2021,19:48:29,5059.1982N,343.0836,17.55,1024.11,89.57
6/9/2021,19:48:39,5059.1802N,343.0668,17.56,1024.1,89.83
6/9/2021,19:48:49,5059.1592N,343.0499,17.54,1024.12,90.32
6/9/2021,19:48:59,5059.1392N,343.0313,17.5,1024.12,90.32
6/9/2021,19:49:9,5059.1274N,343.0196,17.47,1024.16,90.45
6/9/2021,19:49:19,5059.1289N,343.0047,17.44,1024.23,90.51
6/9/2021,19:49:29,5059.1294N,342.977,17.38,1024.24,90.1
6/9/2021,19:49:39,5059.1274N,342.9528,17.34,1024.23,89.92
6/9/2021,19:49:49,5059.1250N,342.9226,17.3,1024.2,90.05
6/9/2021,19:49:59,5059.1235N,342.8905,17.24,1024.19,90.2
6/9/2021,19:50:9,5059.1201N,342.8563,17.18,1024.19,90.38
6/9/2021,19:50:19,5059.1235N,342.8289,17.13,1024.17,90.58
6/9/2021,19:50:29,5059.1338N,342.8061,17.09,1024.13,90.76
6/9/2021,19:50:39,5059.1421N,342.78,17.02,1024.2,90.18
6/9/2021,19:50:49,5059.1450N,342.7556,16.95,1024.2,89.6
6/9/2021,19:50:59,5059.1509N,342.7353,16.89,1024.2,89.18
6/9/2021,19:51:9,5059.1548N,342.7162,16.85,1024.21,89.05
6/9/2021,19:51:19,5059.1592N,342.6917,16.79,1024.21,89.15
6/9/2021,19:51:29,5059.1655N,342.6617,16.71,1024.21,88.9
6/9/2021,19:51:39,5059.1704N,342.6373,16.66,1024.2,89
6/9/2021,19:51:49,5059.1748N,342.6153,16.61,1024.19,89.47
6/9/2021,19:51:59,5059.1831N,342.589,16.57,1024.19,89.79
6/9/2021,19:52:9,5059.1899N,342.5633,16.5,1024.19,89.71
6/9/2021,19:52:19,5059.1982N,342.5393,16.43,1024.2,89.33
6/9/2021,19:52:29,5059.2070N,342.5141,16.37,1024.19,89.06
6/9/2021,19:52:39,5059.2139N,342.4907,16.32,1024.18,89.15
6/9/2021,19:52:49,5059.2207N,342.4602,16.29,1024.16,89.66
6/9/2021,19:53:0,5059.2271N,342.4237,16.27,1024.17,90.47
6/9/2021,19:53:10,5059.2339N,342.3902,16.25,1024.2,91.11
6/9/2021,19:53:20,5059.2388N,342.356,16.2,1024.2,91.43
6/9/2021,19:53:29,5059.2368N,342.3256,16.18,1024.16,91.69
6/9/2021,19:53:39,5059.2256N,342.2962,16.19,1024.13,92.08
6/9/2021,19:53:49,5059.2080N,342.2774,16.2,1024.12,92.62
6/9/2021,19:53:59,5059.1895N,342.2571,16.25,1024.08,93.13
6/9/2021,19:54:9,5059.1777N,342.2294,16.3,1024,93.81
6/9/2021,19:54:19,5059.1733N,342.2033,16.34,1023.88,94.29
6/9/2021,19:54:29,5059.1748N,342.1784,16.37,1023.79,94.59
6/9/2021,19:54:39,5059.1943N,342.1743,16.41,1023.75,94.85
6/9/2021,19:54:49,5059.2114N,342.1809,16.46,1023.62,94.98
6/9/2021,19:54:59,5059.2310N,342.1843,16.52,1023.48,94.99
6/9/2021,19:55:9,5059.2485N,342.1841,16.61,1023.36,94.9
6/9/2021,19:55:19,5059.2671N,342.1841,16.69,1023.24,94.51
6/9/2021,19:55:29,5059.2847N,342.1832,16.77,1023.07,93.76
6/9/2021,19:55:39,5059.3032N,342.1831,16.87,1022.97,92.81
6/9/2021,19:55:49,5059.3276N,342.1825,17.05,1022.99,91.39
6/9/2021,19:55:59,5059.3545N,342.1814,17.21,1023.2,89.91
6/9/2021,19:56:9,5059.3770N,342.1878,17.36,1023.44,88.99
6/9/2021,19:56:19,5059.3965N,342.2002,17.48,1023.64,88.13
6/9/2021,19:56:29,5059.4155N,342.2279,17.56,1023.83,87.77
6/9/2021,19:56:39,5059.4346N,342.261,17.58,1024,87.35
6/9/2021,19:56:49,5059.4541N,342.2786,17.57,1024.06,86.59
6/9/2021,19:56:59,5059.4761N,342.2909,17.55,1024.05,86.16
6/9/2021,19:57:9,5059.4966N,342.3003,17.52,1024.05,86.62
6/9/2021,19:57:19,5059.5195N,342.3116,17.47,1024.07,87.42
6/9/2021,19:57:29,5059.5430N,342.3224,17.37,1024.04,87.2
6/9/2021,19:57:39,5059.5674N,342.3302,17.27,1024.03,86.71
6/9/2021,19:57:49,5059.5908N,342.3372,17.21,1024.05,86.3
6/9/2021,19:57:59,5059.6123N,342.3489,17.24,1024.08,86.28
6/9/2021,19:58:9,5059.6328N,342.3583,17.3,1024.08,86.35
6/9/2021,19:58:19,5059.6514N,342.3594,17.31,1024.07,86.48
6/9/2021,19:58:29,5059.6675N,342.3642,17.3,1024.08,86.38
6/9/2021,19:58:39,5059.6851N,342.3808,17.29,1024.08,86.45
6/9/2021,19:58:49,5059.7031N,342.4005,17.29,1024.06,86.72
6/9/2021,19:58:59,5059.7144N,342.4243,17.26,1024.07,86.36
6/9/2021,19:59:9,5059.7275N,342.4487,17.25,1024.07,86.17
6/9/2021,19:59:19,5059.7437N,342.4764,17.3,1024.09,86.22
6/9/2021,19:59:29,5059.7622N,342.475,17.33,1024.15,85.8
6/9/2021,19:59:39,5059.7783N,342.4555,17.4,1024.14,85.43
6/9/2021,19:59:49,5059.7959N,342.4347,17.45,1024.13,85.08
6/9/2021,19:59:59,5059.8120N,342.4165,17.48,1024.12,85.01
6/9/2021,20:0:9,5059.8271N,342.4152,17.53,1024.13,84.91
6/9/2021,20:0:19,5059.8403N,342.4417,17.59,1024.11,84.8
6/9/2021,20:0:29,5059.8496N,342.468,17.63,1024.12,84.45
6/9/2021,20:0:39,5059.8608N,342.4881,17.69,1024.11,84.31
6/9/2021,20:0:49,5059.8809N,342.5024,17.77,1024.11,84.02
6/9/2021,20:0:59,5059.8975N,342.5216,17.85,1024.11,84.05
6/9/2021,20:1:9,5059.9111N,342.5463,17.93,1024.12,83.7
6/9/2021,20:1:19,5059.9243N,342.5752,18,1024.13,83.32
6/9/2021,20:1:29,5059.9375N,342.597,18.1,1024.13,82.53
6/9/2021,20:1:39,5059.9570N,342.6152,18.21,1024.15,81.88
6/9/2021,20:1:49,5059.9731N,342.635,18.31,1024.13,81.46
6/9/2021,20:1:59,5059.9883N,342.6569,18.39,1024.1,81.08
6/9/2021,20:2:9,5100.0039N,342.6806,18.47,1024.07,80.91
6/9/2021,20:2:19,5100.0195N,342.7037,18.55,1024.06,80.59
6/9/2021,20:2:29,5100.0352N,342.7272,18.61,1024.09,80.24
6/9/2021,20:2:39,5100.0557N,342.7445,18.65,1024.11,80.15
6/9/2021,20:2:49,5100.0781N,342.7595,18.68,1024.1,79.83
6/9/2021,20:2:59,5100.1011N,342.7759,18.73,1024.1,79.33
6/9/2021,20:3:9,5100.1216N,342.7931,18.78,1024.11,79.11
6/9/2021,20:3:19,5100.1416N,342.8109,18.82,1024.11,78.97
6/9/2021,20:3:29,5100.1592N,342.8338,18.86,1024.11,78.63
6/9/2021,20:3:39,5100.1738N,342.8505,18.91,1024.13,78.54
6/9/2021,20:3:49,5100.1899N,342.8414,18.97,1024.13,77.96
6/9/2021,20:3:59,5100.2085N,342.8169,19.02,1024.14,77.58
6/9/2021,20:4:9,5100.2256N,342.7945,19.08,1024.12,77.72
6/9/2021,20:4:19,5100.2432N,342.7749,19.13,1024.12,77.66
6/9/2021,20:4:29,5100.2568N,342.7532,19.15,1024.14,77.56
6/9/2021,20:4:39,5100.2759N,342.7308,19.15,1024.13,77.3
6/9/2021,20:4:49,5100.2944N,342.7056,19.11,1024.13,77.19
6/9/2021,20:4:59,5100.3076N,342.6821,19.11,1024.15,77.2
6/9/2021,20:5:9,5100.3198N,342.6547,19.13,1024.1,76.84
6/9/2021,20:5:19,5100.3340N,342.6253,19.12,1024.11,76.95
6/9/2021,20:5:29,5100.3447N,342.5923,19.12,1024.11,76.9
6/9/2021,20:5:39,5100.3560N,342.5625,19.1,1024.12,76.69
6/9/2021,20:5:49,5100.3662N,342.5321,19.09,1024.11,77.11
6/9/2021,20:5:59,5100.3745N,342.5017,19.03,1024.11,77.32
6/9/2021,20:6:9,5100.3853N,342.4714,18.98,1024.13,77.18
6/9/2021,20:6:19,5100.3950N,342.4399,18.94,1024.14,76.73
6/9/2021,20:6:29,5100.4053N,342.4087,18.86,1024.13,76.75
6/9/2021,20:6:39,5100.4126N,342.3785,18.76,1024.12,77.01
6/9/2021,20:6:49,5100.4214N,342.3477,18.68,1024.13,77.19
6/9/2021,20:6:59,5100.4341N,342.3171,18.6,1024.13,77
6/9/2021,20:7:9,5100.4473N,342.2879,18.58,1024.08,77.25
6/9/2021,20:7:19,5100.4595N,342.259,18.57,1024.07,77.47
6/9/2021,20:7:29,5100.4717N,342.2316,18.56,1024.05,78.14
6/9/2021,20:7:39,5100.4858N,342.2028,18.54,1024.05,78.29
6/9/2021,20:7:49,5100.4971N,342.1748,18.52,1024.06,78.36
6/9/2021,20:7:59,5100.5103N,342.145,18.51,1024.08,78.89
6/9/2021,20:8:9,5100.5259N,342.1141,18.51,1024.09,79.54
6/9/2021,20:8:19,5100.5425N,342.0914,18.5,1024.1,79.13
6/9/2021,20:8:29,5100.5479N,342.0915,18.51,1024.12,78.78
6/9/2021,20:8:39,5100.5488N,342.087,18.5,1024.12,78.69
6/9/2021,20:8:49,5100.5493N,342.0829,18.5,1024.11,78.77
6/9/2021,20:8:59,5100.5493N,342.0831,18.49,1024.11,78.72
6/9/2021,20:9:9,5100.5488N,342.0684,18.48,1024.12,79.01
6/9/2021,20:9:19,5100.5522N,342.0688,18.45,1024.13,79.34
6/9/2021,20:9:29,5100.5522N,342.0679,18.43,1024.14,79.47
6/9/2021,20:9:39,5100.5547N,342.0509,18.4,1024.15,79.68
6/9/2021,20:9:49,5100.5679N,342.0275,18.36,1024.18,79.89
6/9/2021,20:9:59,5100.5820N,341.998,18.25,1024.17,80.34
6/9/2021,20:10:9,5100.5977N,341.9698,18.08,1024.2,80.95
6/9/2021,20:10:19,5100.6108N,341.9421,17.93,1024.2,81.45
6/9/2021,20:10:29,5100.6226N,341.9129,17.81,1024.19,81.93
6/9/2021,20:10:39,5100.6387N,341.8806,17.7,1024.2,82.75
6/9/2021,20:10:49,5100.6509N,341.8518,17.63,1024.21,84.15
6/9/2021,20:10:59,5100.6626N,341.8324,17.56,1024.21,84.69
6/9/2021,20:11:9,5100.6865N,341.8026,17.48,1024.23,84.35
6/9/2021,20:11:19,5100.7026N,341.776,17.4,1024.25,84.35
6/9/2021,20:11:29,5100.7192N,341.7524,17.34,1024.26,84.15
6/9/2021,20:11:39,5100.7363N,341.7297,17.3,1024.25,84.56
6/9/2021,20:11:49,5100.7524N,341.7104,17.29,1024.3,85.27
6/9/2021,20:11:59,5100.7715N,341.6888,17.27,1024.3,85.82
6/9/2021,20:12:9,5100.7910N,341.6711,17.22,1024.31,85.32
6/9/2021,20:12:19,5100.8125N,341.6591,17.16,1024.32,84.76
6/9/2021,20:12:29,5100.8335N,341.6474,17.1,1024.3,84.69
6/9/2021,20:12:39,5100.8550N,341.6368,17.04,1024.29,85.13
6/9/2021,20:12:49,5100.8745N,341.6271,16.97,1024.27,85.4
6/9/2021,20:12:59,5100.8950N,341.6157,16.9,1024.29,85.67
6/9/2021,20:13:9,5100.9116N,341.6244,16.86,1024.29,85.85
6/9/2021,20:13:19,5100.9248N,341.6537,16.82,1024.25,85.86
6/9/2021,20:13:29,5100.9375N,341.6843,16.79,1024.26,86.74
6/9/2021,20:13:39,5100.9512N,341.7122,16.73,1024.26,87.39
6/9/2021,20:13:49,5100.9614N,341.7437,16.65,1024.23,87.62
6/9/2021,20:13:59,5100.9736N,341.7731,16.56,1024.23,87.54
6/9/2021,20:14:9,5100.9868N,341.8022,16.48,1024.22,87.54
6/9/2021,20:14:19,5100.9971N,341.8248,16.45,1024.12,88.02
6/9/2021,20:14:29,5101.0073N,341.8485,16.46,1023.96,88.48
6/9/2021,20:14:39,5101.0181N,341.8704,16.48,1023.8,88.74
6/9/2021,20:14:49,5101.0273N,341.8959,16.54,1023.65,88.4
6/9/2021,20:14:59,5101.0371N,341.9172,16.65,1023.51,87.42
6/9/2021,20:15:9,5101.0449N,341.9378,16.9,1023.4,85.75
6/9/2021,20:15:19,5101.0527N,341.9586,17.08,1023.39,84.33
6/9/2021,20:15:29,5101.0635N,341.9819,17.2,1023.47,84.21
6/9/2021,20:15:39,5101.0659N,342.0035,17.3,1023.62,84.52
6/9/2021,20:15:49,5101.0669N,341.9886,17.44,1023.84,84.34
6/9/2021,20:15:59,5101.0630N,341.9908,17.59,1024.09,84.15
6/9/2021,20:16:9,5101.0718N,341.9983,17.69,1024.27,84.33
6/9/2021,20:16:19,5101.0840N,342.0266,17.71,1024.27,83.4
6/9/2021,20:16:29,5101.0977N,342.0604,17.72,1024.25,82.46
6/9/2021,20:16:39,5101.1113N,342.0936,17.75,1024.25,81.73
6/9/2021,20:16:49,5101.1221N,342.1189,17.81,1024.23,82.18
6/9/2021,20:16:59,5101.1338N,342.144,17.87,1024.21,82.47
6/9/2021,20:17:9,5101.1436N,342.1732,17.92,1024.21,82.43
6/9/2021,20:17:19,5101.1509N,342.1983,18.01,1024.23,84.66
6/9/2021,20:17:29,5101.1636N,342.2283,18.08,1024.25,86.58
6/9/2021,20:17:39,5101.1719N,342.2596,18.1,1024.25,86.07
6/9/2021,20:17:49,5101.1875N,342.293,18.1,1024.23,83.86
6/9/2021,20:17:59,5101.2148N,342.2827,18.08,1024.21,82.19
6/9/2021,20:18:9,5101.2373N,342.2687,18.04,1024.19,81.1
6/9/2021,20:18:19,5101.2554N,342.2589,18.05,1024.2,81.81
6/9/2021,20:18:29,5101.2769N,342.249,18.02,1024.2,81.7
6/9/2021,20:18:39,5101.2974N,342.2372,18,1024.2,82.01
6/9/2021,20:18:49,5101.3169N,342.2276,17.96,1024.21,81.77
6/9/2021,20:18:59,5101.3408N,342.2166,17.95,1024.2,81.64
6/9/2021,20:19:9,5101.3647N,342.205,17.96,1024.21,81.7
6/9/2021,20:19:19,5101.3862N,342.1974,17.97,1024.2,81.56
6/9/2021,20:19:29,5101.3960N,342.1841,17.98,1024.2,80.46
6/9/2021,20:19:39,5101.3931N,342.1668,18.03,1024.15,80.11
6/9/2021,20:19:49,5101.3848N,342.1454,18.1,1024.14,79.46
6/9/2021,20:19:59,5101.3760N,342.1134,18.18,1024.15,78.9
6/9/2021,20:20:9,5101.3735N,342.0882,18.23,1024.16,79.06
6/9/2021,20:20:19,5101.3848N,342.1005,18.27,1024.13,78.71
6/9/2021,20:20:29,5101.3979N,342.1205,18.3,1024.01,79.21
6/9/2021,20:20:39,5101.4043N,342.1399,18.34,1023.85,78.53
6/9/2021,20:20:49,5101.4131N,342.1649,18.4,1023.69,78.14
6/9/2021,20:20:59,5101.4180N,342.194,18.49,1023.51,78.37
6/9/2021,20:21:9,5101.4263N,342.2265,18.62,1023.41,79.33
6/9/2021,20:21:19,5101.4375N,342.2654,18.69,1023.46,79.32
6/9/2021,20:21:29,5101.4502N,342.3038,18.77,1023.67,77.02
6/9/2021,20:21:39,5101.4648N,342.3438,18.85,1023.89,76.63
6/9/2021,20:21:49,5101.4741N,342.3806,18.9,1024,75.96
6/9/2021,20:21:59,5101.4829N,342.411,18.94,1024.02,75.12
6/9/2021,20:22:9,5101.4917N,342.4401,18.98,1023.99,75.16
6/9/2021,20:22:19,5101.5005N,342.4673,19.01,1023.99,75.61
6/9/2021,20:22:29,5101.5112N,342.4959,19.03,1023.96,75.63
6/9/2021,20:22:39,5101.5200N,342.5206,19.07,1023.95,75.17
6/9/2021,20:22:49,5101.5312N,342.549,19.15,1023.93,74.23
6/9/2021,20:22:59,5101.5464N,342.5778,19.25,1023.9,73.81
6/9/2021,20:23:9,5101.5508N,342.6052,19.33,1023.88,73.28
6/9/2021,20:23:19,5101.5439N,342.6253,19.36,1023.89,73.93
6/9/2021,20:23:29,5101.5483N,342.6484,19.37,1023.83,74.36
6/9/2021,20:23:39,5101.5625N,342.6675,19.38,1023.9,73.54
6/9/2021,20:23:49,5101.5791N,342.6683,19.45,1023.96,72.66
6/9/2021,20:23:59,5101.5933N,342.6665,19.5,1023.84,72.24
6/9/2021,20:24:9,5101.6050N,342.6828,19.55,1023.78,72.08
6/9/2021,20:24:19,5101.6118N,342.6931,19.59,1023.79,72.24
6/9/2021,20:24:29,5101.6270N,342.7031,19.63,1023.77,72.24
6/9/2021,20:24:39,5101.6440N,342.717,19.67,1023.78,72.13
6/9/2021,20:24:49,5101.6675N,342.7263,19.71,1023.8,71.53
6/9/2021,20:24:59,5101.6943N,342.7337,19.75,1023.82,71.26
6/9/2021,20:25:9,5101.7212N,342.7376,19.77,1023.84,71
6/9/2021,20:25:19,5101.7495N,342.7412,19.77,1023.85,71.31
6/9/2021,20:25:29,5101.7744N,342.7445,19.74,1023.89,71.11
6/9/2021,20:25:39,5101.7979N,342.756,19.75,1023.92,70.47
6/9/2021,20:25:49,5101.8208N,342.7688,19.77,1023.94,70.26
6/9/2021,20:25:59,5101.8437N,342.7795,19.81,1023.95,70.11
6/9/2021,20:26:9,5101.8633N,342.7884,19.87,1024,69.92
6/9/2021,20:26:19,5101.8652N,342.7888,19.9,1024,69.72
6/9/2021,20:26:29,5101.8740N,342.8088,19.92,1023.99,69.54
6/9/2021,20:26:39,5101.8877N,342.8378,19.95,1023.96,69.52
6/9/2021,20:26:49,5101.9004N,342.8659,19.98,1023.95,68.96
6/9/2021,20:26:59,5101.9160N,342.8883,20,1023.94,68.83
6/9/2021,20:27:9,5101.9229N,342.9204,20.01,1023.94,68.66
6/9/2021,20:27:19,5101.9282N,342.9578,20.02,1023.93,68.69
6/9/2021,20:27:29,5101.9204N,342.993,20.01,1023.93,68.76
6/9/2021,20:27:39,5101.9131N,343.0203,20,1023.93,69.1
6/9/2021,20:27:49,5101.9048N,343.0495,19.98,1023.93,70.26
6/9/2021,20:27:59,5101.9014N,343.0785,19.93,1023.94,71.48
6/9/2021,20:28:9,5101.8921N,343.1037,19.87,1023.96,70.69
6/9/2021,20:28:19,5101.8853N,343.1345,19.83,1023.94,70.73
6/9/2021,20:28:29,5101.8911N,343.1485,19.78,1023.94,71.02
6/9/2021,20:28:39,5101.9009N,343.1251,19.73,1023.92,72.2
6/9/2021,20:28:49,5101.9019N,343.0967,19.68,1023.95,72.7
6/9/2021,20:28:59,5101.9077N,343.0711,19.65,1023.95,71.58
6/9/2021,20:29:9,5101.9111N,343.0441,19.62,1023.96,71.16
6/9/2021,20:29:19,5101.9175N,343.0252,19.61,1023.98,70.45
6/9/2021,20:29:29,5101.9253N,343.0046,19.59,1023.97,70.25
6/9/2021,20:29:39,5101.9331N,342.9816,19.6,1023.98,70.15
6/9/2021,20:29:49,5101.9360N,342.9626,19.63,1024,70.21
6/9/2021,20:29:59,5101.9414N,342.9405,19.65,1023.99,69.92
6/9/2021,20:30:9,5101.9580N,342.9323,19.69,1023.98,69.7
6/9/2021,20:30:19,5101.9780N,342.937,19.72,1023.97,69.86
6/9/2021,20:30:29,5102.0029N,342.9387,19.77,1023.95,69.47
6/9/2021,20:30:39,5102.0229N,342.9456,19.82,1023.95,69.23
6/9/2021,20:30:49,5102.0430N,342.9547,19.88,1023.99,69.27
6/9/2021,20:30:59,5102.0562N,342.969,19.94,1023.97,69.4
6/9/2021,20:31:9,5102.0786N,342.9733,19.96,1023.93,69.68
6/9/2021,20:31:19,5102.1025N,342.9752,20.02,1023.91,68.95
6/9/2021,20:31:29,5102.1216N,342.9763,20.09,1023.85,68.02
6/9/2021,20:31:39,5102.1411N,342.9771,20.15,1023.8,67.61
6/9/2021,20:31:49,5102.1616N,342.9745,20.21,1023.72,67.4
6/9/2021,20:31:59,5102.1826N,342.9732,20.22,1023.65,67.45
6/9/2021,20:32:9,5102.1899N,342.9967,20.19,1023.55,67.53
6/9/2021,20:32:19,5102.1870N,343.0255,20.15,1023.43,68.28
6/9/2021,20:32:29,5102.1748N,343.0468,20.12,1023.35,68.47
6/9/2021,20:32:39,5102.1699N,343.074,20.09,1023.3,68.98
6/9/2021,20:32:49,5102.1689N,343.0978,20.07,1023.25,69.24
6/9/2021,20:32:59,5102.1646N,343.1217,20.06,1023.2,69.12
6/9/2021,20:33:9,5102.1714N,343.1306,20.04,1023.11,68.63
6/9/2021,20:33:19,5102.1743N,343.1394,20.03,1023,68.29
6/9/2021,20:33:29,5102.1826N,343.1586,20.03,1022.93,69.58
6/9/2021,20:33:39,5102.1855N,343.1828,20.03,1022.86,70.32
6/9/2021,20:33:49,5102.1895N,343.2128,20.02,1022.83,69.27
6/9/2021,20:33:59,5102.1929N,343.2358,20.01,1022.8,68.94
6/9/2021,20:34:9,5102.2070N,343.2411,20.02,1022.8,68.79
6/9/2021,20:34:19,5102.2129N,343.2249,20.03,1022.78,68.37
6/9/2021,20:34:29,5102.2178N,343.1941,20.06,1022.78,68.41
6/9/2021,20:34:39,5102.2251N,343.1769,20.09,1022.79,67.87
6/9/2021,20:34:49,5102.2266N,343.1606,20.09,1022.79,68.43
6/9/2021,20:34:59,5102.2393N,343.1443,20.08,1022.76,68.69
6/9/2021,20:35:9,5102.2632N,343.1258,20.08,1022.77,68.21
6/9/2021,20:35:19,5102.2822N,343.122,20.09,1022.76,68.04
6/9/2021,20:35:29,5102.2876N,343.1313,20.1,1022.77,68.2
6/9/2021,20:35:39,5102.2974N,343.1594,20.08,1022.78,68.12
6/9/2021,20:35:49,5102.3140N,343.1654,20.04,1022.81,69.12
6/9/2021,20:35:59,5102.3281N,343.1837,19.99,1022.81,69.9
6/9/2021,20:36:9,5102.3467N,343.2054,19.95,1022.8,70.34
6/9/2021,20:36:19,5102.3530N,343.2395,19.92,1022.79,69.81
6/9/2021,20:36:29,5102.3535N,343.2721,19.89,1022.79,69.6
6/9/2021,20:36:39,5102.3540N,343.2989,19.88,1022.78,69.26
6/9/2021,20:36:49,5102.3579N,343.3176,19.89,1022.65,69.03
6/9/2021,20:36:59,5102.3657N,343.3317,19.92,1022.54,69.52
6/9/2021,20:37:9,5102.3701N,343.3493,19.94,1022.42,69.77
6/9/2021,20:37:19,5102.3711N,343.3641,19.96,1022.31,70.34
6/9/2021,20:37:29,5102.3799N,343.385,19.98,1022.28,69.94
6/9/2021,20:37:39,5102.3901N,343.3984,20.01,1022.25,68.58
6/9/2021,20:37:49,5102.3989N,343.4132,20.06,1022.24,68.21
6/9/2021,20:37:59,5102.4082N,343.4324,20.11,1022.24,68.33
6/9/2021,20:38:9,5102.4194N,343.4507,20.15,1022.28,68.24
6/9/2021,20:38:19,5102.4302N,343.465,20.21,1022.36,67.82
6/9/2021,20:38:29,5102.4478N,343.4849,20.24,1022.42,67.49
6/9/2021,20:38:39,5102.4917N,343.4989,20.29,1022.3,66.9
6/9/2021,20:38:49,5102.5142N,343.4998,20.38,1022.13,65.7
6/9/2021,20:38:59,5102.5376N,343.4952,20.48,1022.04,65.34
6/9/2021,20:39:9,5102.5596N,343.4943,20.59,1021.96,64.64
6/9/2021,20:39:19,5102.5825N,343.4906,20.67,1021.93,64.44
6/9/2021,20:39:29,5102.6089N,343.483,20.74,1021.93,64.2
6/9/2021,20:39:39,5102.6284N,343.4716,20.79,1021.89,63.95
6/9/2021,20:39:49,5102.6445N,343.4599,20.86,1021.87,63.57
6/9/2021,20:39:59,5102.6631N,343.4555,20.92,1021.91,63.22
6/9/2021,20:40:9,5102.6841N,343.4629,21.01,1021.93,62.69
6/9/2021,20:40:19,5102.7036N,343.4647,21.07,1021.95,62.23
6/9/2021,20:40:29,5102.7124N,343.438,21.11,1022.15,62.05
6/9/2021,20:40:39,5102.7236N,343.4257,21.15,1022.35,62.01
6/9/2021,20:40:49,5102.7402N,343.4274,21.18,1022.41,62.04
6/9/2021,20:40:59,5102.7583N,343.4271,21.21,1022.49,61.99
6/9/2021,20:41:9,5102.7715N,343.4173,21.23,1022.6,61.92
6/9/2021,20:41:19,5102.7773N,343.3861,21.26,1022.96,61.86
6/9/2021,20:41:29,5102.7783N,343.3589,21.29,1023.29,61.79
6/9/2021,20:41:39,5102.7925N,343.3397,21.3,1023.47,61.88
6/9/2021,20:41:49,5102.7925N,343.3105,21.3,1023.57,61.86
6/9/2021,20:41:59,5102.8008N,343.2799,21.32,1023.73,62.26
6/9/2021,20:42:9,5102.8032N,343.2462,21.33,1023.87,63.5
6/9/2021,20:42:19,5102.8184N,343.2113,21.32,1024.1,65.72
6/9/2021,20:42:29,5102.8374N,343.2092,21.28,1024.17,68.38
6/9/2021,20:42:39,5102.8550N,343.2061,21.24,1024.21,65.87
6/9/2021,20:42:49,5102.8667N,343.2035,21.22,1024.24,64.55
6/9/2021,20:42:59,5102.8945N,343.1896,21.19,1024.28,63.58
6/9/2021,20:43:9,5102.9165N,343.193,21.17,1024.27,63.54
6/9/2021,20:43:19,5102.9365N,343.1881,21.16,1024.23,64.31
6/9/2021,20:43:29,5102.9512N,343.1884,21.18,1024.22,63.13
6/9/2021,20:43:39,5102.9766N,343.1885,21.23,1024.25,62.04
6/9/2021,20:43:49,5102.9956N,343.1882,21.28,1024.29,61.95
6/9/2021,20:43:59,5103.0142N,343.1938,21.31,1024.26,61.93
6/9/2021,20:44:9,5103.0322N,343.1965,21.32,1024.18,62.47
6/9/2021,20:44:19,5103.0298N,343.2265,21.32,1024.17,62.49
6/9/2021,20:44:29,5103.0259N,343.2531,21.3,1024.21,62.78
6/9/2021,20:44:39,5103.0269N,343.2748,21.29,1024.19,62.78
6/9/2021,20:44:49,5103.0239N,343.2948,21.29,1024.18,62.9
6/9/2021,20:44:59,5103.0234N,343.3188,21.31,1024.14,62.47
6/9/2021,20:45:9,5103.0229N,343.341,21.33,1024.1,61.65
6/9/2021,20:45:19,5103.0254N,343.3485,21.34,1024.12,61.47
6/9/2021,20:45:29,5103.0439N,343.353,21.36,1024.2,61.29
6/9/2021,20:45:39,5103.0615N,343.3573,21.39,1024.22,61.16
6/9/2021,20:45:49,5103.0776N,343.3625,21.42,1024.22,61.07
6/9/2021,20:45:59,5103.0942N,343.3688,21.45,1024.2,61
6/9/2021,20:46:9,5103.1138N,343.3664,21.49,1024.18,60.71
6/9/2021,20:46:19,5103.1221N,343.3818,21.5,1024.17,60.69
6/9/2021,20:46:29,5103.1235N,343.4092,21.53,1024.16,60.72
6/9/2021,20:46:39,5103.1221N,343.4406,21.57,1024.14,60.64
6/9/2021,20:46:49,5103.1357N,343.4812,21.6,1024.14,60.57
6/9/2021,20:46:59,5103.1396N,343.4992,21.62,1024.11,60.64
6/9/2021,20:47:9,5103.1455N,343.4953,21.63,1024.06,60.69
6/9/2021,20:47:19,5103.1548N,343.4907,21.66,1024.07,60.56
6/9/2021,20:47:29,5103.1660N,343.4839,21.69,1024.12,60.35
6/9/2021,20:47:39,5103.1841N,343.481,21.72,1024.15,60.11
6/9/2021,20:47:49,5103.2031N,343.4748,21.73,1024.15,60.12
6/9/2021,20:47:59,5103.2051N,343.5,21.74,1024.11,60.09
6/9/2021,20:48:9,5103.2061N,343.5148,21.75,1024.08,60.09
6/9/2021,20:48:19,5103.2119N,343.5301,21.75,1023.99,60.21
6/9/2021,20:48:29,5103.2075N,343.5444,21.75,1023.97,60.42
6/9/2021,20:48:39,5103.2012N,343.555,21.75,1023.96,60.39
6/9/2021,20:48:49,5103.1934N,343.5737,21.75,1023.89,60.28
6/9/2021,20:48:59,5103.1851N,343.5933,21.74,1023.84,60.22
6/9/2021,20:49:9,5103.1782N,343.6205,21.73,1023.82,60.49
6/9/2021,20:49:19,5103.1597N,343.6465,21.71,1023.86,60.83
6/9/2021,20:49:29,5103.1333N,343.6697,21.7,1023.99,60.47
6/9/2021,20:49:39,5103.1172N,343.6819,21.7,1024.1,60.5
6/9/2021,20:49:49,5103.0928N,343.6968,21.7,1024.16,61.15
6/9/2021,20:49:59,5103.0791N,343.6886,21.69,1024.16,61.48
6/9/2021,20:50:9,5103.0566N,343.6816,21.68,1024.16,60.98
6/9/2021,20:50:19,5103.0361N,343.6832,21.67,1024.18,60.57
6/9/2021,20:50:29,5103.0352N,343.6916,21.67,1024.17,60.55
6/9/2021,20:50:39,5103.0293N,343.7221,21.68,1024.24,60.52
6/9/2021,20:50:49,5103.0156N,343.7502,21.71,1024.29,60.57
6/9/2021,20:50:59,5103.0112N,343.786,21.73,1024.31,60.32
6/9/2021,20:51:9,5102.9995N,343.8099,21.73,1024.36,60.22
6/9/2021,20:51:19,5102.9819N,343.8048,21.73,1024.33,60.21
6/9/2021,20:51:29,5102.9702N,343.7928,21.74,1024.3,60.47
6/9/2021,20:51:39,5102.9565N,343.7882,21.72,1024.28,61.37
6/9/2021,20:51:49,5102.9424N,343.7797,21.7,1024.21,62.1
6/9/2021,20:51:59,5102.9341N,343.7714,21.68,1024.09,62.85
6/9/2021,20:52:9,5102.9072N,343.7669,21.65,1023.99,62.31
6/9/2021,20:52:19,5102.8916N,343.7566,21.63,1024.03,61.81
6/9/2021,20:52:29,5102.8672N,343.7568,21.6,1024.11,62.8
6/9/2021,20:52:39,5102.8403N,343.7533,21.55,1024.22,64.15
6/9/2021,20:52:49,5102.8228N,343.7526,21.49,1024.26,64.21
6/9/2021,20:52:59,5102.8076N,343.7544,21.42,1024.27,64.2
6/9/2021,20:53:9,5102.7871N,343.7562,21.37,1024.3,63.84
6/9/2021,20:53:19,5102.7690N,343.7594,21.31,1024.3,64.04
6/9/2021,20:53:29,5102.7456N,343.7597,21.26,1024.29,64.39
6/9/2021,20:53:39,5102.7227N,343.7581,21.19,1024.28,64.84
6/9/2021,20:53:49,5102.6978N,343.7579,21.12,1024.29,65.94
6/9/2021,20:53:59,5102.6782N,343.7703,21.02,1024.3,67.16
6/9/2021,20:54:9,5102.6572N,343.7834,20.93,1024.3,66.54
6/9/2021,20:54:19,5102.6382N,343.7939,20.85,1024.28,65.93
6/9/2021,20:54:29,5102.6245N,343.8093,20.79,1024.29,66.16
6/9/2021,20:54:39,5102.6240N,343.8296,20.71,1024.27,66.43
6/9/2021,20:54:49,5102.6191N,343.8559,20.64,1024.27,67.14
6/9/2021,20:54:59,5102.6113N,343.8778,20.56,1024.28,67.02
6/9/2021,20:55:9,5102.5996N,343.8949,20.49,1024.31,68.93
6/9/2021,20:55:19,5102.5762N,343.9064,20.41,1024.32,69.05
6/9/2021,20:55:29,5102.5464N,343.917,20.31,1024.3,68.74
6/9/2021,20:55:39,5102.5254N,343.917,20.24,1024.29,68.31
6/9/2021,20:55:49,5102.5112N,343.8977,20.19,1024.26,68.36
6/9/2021,20:55:59,5102.4961N,343.8647,20.16,1024.23,68.04
6/9/2021,20:56:9,5102.4810N,343.8333,20.13,1024.24,68.36
6/9/2021,20:56:19,5102.4780N,343.8023,20.12,1024.18,68.76
6/9/2021,20:56:29,5102.4824N,343.7716,20.12,1024.11,68.72
6/9/2021,20:56:39,5102.4785N,343.7512,20.11,1023.98,68.81
6/9/2021,20:56:49,5102.4746N,343.7299,20.12,1023.93,68.95
6/9/2021,20:56:59,5102.4556N,343.7319,20.13,1023.91,68.77
6/9/2021,20:57:9,5102.4346N,343.7346,20.14,1023.94,70.06
6/9/2021,20:57:19,5102.4136N,343.7426,20.13,1023.96,69.43
6/9/2021,20:57:29,5102.3921N,343.7399,20.12,1023.94,69.16
6/9/2021,20:57:39,5102.3716N,343.7264,20.12,1023.91,69.12
6/9/2021,20:57:49,5102.3535N,343.7219,20.12,1023.88,68.88
6/9/2021,20:57:59,5102.3437N,343.7334,20.14,1023.88,68.93
6/9/2021,20:58:9,5102.3208N,343.7528,20.15,1024.09,69.02
6/9/2021,20:58:19,5102.3018N,343.764,20.16,1024.35,69.49
6/9/2021,20:58:29,5102.2793N,343.7822,20.18,1024.27,69.76
6/9/2021,20:58:39,5102.2622N,343.7875,20.19,1024.1,68.47
6/9/2021,20:58:49,5102.2437N,343.8055,20.23,1024.2,68.02
6/9/2021,20:58:59,5102.2236N,343.8223,20.27,1024.24,68.36
6/9/2021,20:59:9,5102.2046N,343.8427,20.29,1024.27,67.97
6/9/2021,20:59:19,5102.1855N,343.8598,20.31,1024.3,68.27
6/9/2021,20:59:29,5102.1689N,343.8783,20.31,1024.3,69.16
6/9/2021,20:59:39,5102.1504N,343.8835,20.31,1024.3,71.35
6/9/2021,20:59:49,5102.1367N,343.8656,20.31,1024.23,73.05
6/9/2021,20:59:59,5102.1250N,343.848,20.32,1024.12,72.06
6/9/2021,21:0:9,5102.1113N,343.8334,20.34,1024.03,70.5
6/9/2021,21:0:19,5102.1006N,343.8175,20.38,1023.9,69.49
6/9/2021,21:0:29,5102.0908N,343.797,20.41,1023.82,68.51
6/9/2021,21:0:39,5102.0801N,343.7763,20.43,1023.71,67.49
6/9/2021,21:0:49,5102.0684N,343.7726,20.46,1023.71,66.95
6/9/2021,21:0:59,5102.0557N,343.7842,20.5,1023.79,66.99
6/9/2021,21:1:9,5102.0371N,343.801,20.53,1023.88,67.65
6/9/2021,21:1:19,5102.0200N,343.8212,20.54,1023.94,68.07
6/9/2021,21:1:29,5101.9932N,343.8369,20.55,1024.04,67.92
6/9/2021,21:1:39,5101.9712N,343.8419,20.55,1024.14,68.07
6/9/2021,21:1:49,5101.9604N,343.8143,20.53,1024.2,68.32
6/9/2021,21:1:59,5101.9531N,343.7919,20.51,1024.23,68.27
6/9/2021,21:2:9,5101.9478N,343.7708,20.51,1024.23,68.79
6/9/2021,21:2:19,5101.9360N,343.7421,20.53,1024.23,68.59
6/9/2021,21:2:29,5101.9438N,343.7163,20.56,1024.24,68.75
6/9/2021,21:2:39,5101.9604N,343.6842,20.58,1024.24,68.46
6/9/2021,21:2:49,5101.9717N,343.6537,20.59,1024.23,68.07
6/9/2021,21:2:59,5101.9663N,343.6281,20.58,1024.24,67.48
6/9/2021,21:3:9,5101.9551N,343.596,20.6,1024.26,66.81
6/9/2021,21:3:19,5101.9395N,343.5749,20.62,1024.25,67.19
6/9/2021,21:3:29,5101.9302N,343.5597,20.63,1024.21,67.86
6/9/2021,21:3:39,5101.9175N,343.5395,20.62,1024.16,68.36
6/9/2021,21:3:49,5101.9019N,343.5175,20.56,1024.16,68.93
6/9/2021,21:3:59,5101.8857N,343.4961,20.47,1024.18,69.8
6/9/2021,21:4:9,5101.8711N,343.4731,20.42,1024.2,69.66
6/9/2021,21:4:19,5101.8555N,343.449,20.41,1024.19,69.36
6/9/2021,21:4:29,5101.8398N,343.4278,20.4,1024.17,68.93
6/9/2021,21:4:39,5101.8242N,343.4035,20.41,1024.17,68.75
6/9/2021,21:4:49,5101.8091N,343.3858,20.43,1024.16,69.23
6/9/2021,21:4:59,5101.7949N,343.386,20.44,1024.14,69.44
6/9/2021,21:5:9,5101.7856N,343.4134,20.42,1024.14,69.63
6/9/2021,21:5:19,5101.7695N,343.4413,20.38,1024.12,69.93
6/9/2021,21:5:29,5101.7539N,343.4679,20.33,1024.1,69.98
6/9/2021,21:5:39,5101.7368N,343.4931,20.29,1024.1,69.79
6/9/2021,21:5:49,5101.7202N,343.5156,20.26,1024.1,70.17
6/9/2021,21:5:59,5101.7075N,343.5084,20.25,1024.1,70.15
